Date,Open,High,Low,Close,Volume
18-11-2015,463.799988,465.649994,454.975006,456,5142766
19-11-2015,459.450012,469.350006,458.625,467.375,5569752
20-11-2015,467,476.399994,462.774994,473.424988,5167930
23-11-2015,475,478.950012,473.100006,476.875,4800026
24-11-2015,476.5,485.799988,475.524994,483.850006,6768886
26-11-2015,485.5,495.975006,484.125,494.325012,10883224
27-11-2015,494.5,496.25,487.049988,489.524994,4979394
30-11-2015,489.25,492.200012,481.149994,483.549988,13678054
01-12-2015,482,489.399994,480.625,482.950012,5934650
02-12-2015,483.125,489.850006,482.25,488.975006,3462408
03-12-2015,487.450012,494.475006,487.049988,488.600006,5194048
04-12-2015,486.149994,488.100006,480.700012,482.725006,6146002
07-12-2015,482.725006,486.5,474.875,476.024994,6621556
08-12-2015,474.450012,476.799988,468.049988,470.450012,3443452
09-12-2015,468.100006,471.725006,456.424988,457.950012,4194236
10-12-2015,461.25,476.899994,460,475.174988,8499730
11-12-2015,475.875,479.5,471.450012,476.475006,8300090
14-12-2015,473.799988,481.75,473,477.549988,4829460
15-12-2015,478.5,488.975006,476.825012,487.950012,7186122
16-12-2015,487.950012,493.774994,486.75,489.325012,5530496
17-12-2015,490.024994,507.5,489,504.850006,8854870
18-12-2015,501.899994,504.5,495,495.950012,7322040
21-12-2015,493.950012,499.5,492.174988,496.049988,5637670
22-12-2015,496.399994,501.299988,492,493.649994,5293656
23-12-2015,495.899994,503.450012,495,501.899994,5906346
24-12-2015,501.950012,503.600006,498.149994,500.274994,5441138
28-12-2015,500.299988,506.875,500,505.200012,5891016
29-12-2015,505.200012,509.350006,503.575012,507.700012,6818120
30-12-2015,507.5,508,501,502.25,3726642
31-12-2015,501.700012,509.850006,499.549988,507.299988,8450132
01-01-2016,504.899994,509.450012,504.100006,507.674988,2476270
04-01-2016,502.5,506.899994,493.350006,497.649994,13793142
05-01-2016,500.149994,505,498.5,502.575012,6832918
06-01-2016,503.799988,519.200012,500.200012,516.099976,12233710
07-01-2016,510.524994,514,504.024994,506.625,9024438
08-01-2016,510,516.450012,508.350006,512.875,9743678
11-01-2016,507.975006,530.400024,505.5,525.799988,13265342
12-01-2016,527.5,532.700012,520.549988,522.724976,10685522
13-01-2016,526.549988,544.875,523.599976,538.424988,32825622
14-01-2016,531.924988,540.5,526.525024,530.825012,12719826
15-01-2016,534.875,544.75,532.799988,536.650024,13151450
18-01-2016,537.5,541.974976,504.049988,508.424988,12459918
19-01-2016,514.5,524.900024,507.049988,521.799988,9824192
20-01-2016,517.450012,517.450012,495,502.274994,20624706
21-01-2016,508.774994,512.875,488.350006,492.100006,14523544
22-01-2016,497.024994,505.5,497.024994,502.075012,10826910
25-01-2016,505,509.375,500,501.975006,5988680
27-01-2016,504.049988,505,498.475006,499.674988,7886590
28-01-2016,500.5,510.899994,498.549988,508.450012,10548946
29-01-2016,509.475006,520,509,517.700012,8767154
01-02-2016,519.974976,520.900024,512.775024,515.150024,4534546
02-02-2016,515.150024,516.400024,495.25,500.575012,6752932
03-02-2016,494,497,487.5,490.700012,7173616
04-02-2016,494,500.5,482.850006,486.524994,8322158
05-02-2016,489.549988,491,480.700012,485.450012,9599764
08-02-2016,485.549988,492.399994,478.975006,480.524994,5521706
09-02-2016,476.450012,484.399994,475,478.75,8962058
10-02-2016,475.850006,486.5,474.325012,481.325012,7718500
11-02-2016,481.424988,482.975006,457.75,462.274994,7824326
12-02-2016,466.950012,466.950012,444.049988,453.274994,13403870
15-02-2016,459,475.674988,459,473.375,8815778
16-02-2016,475.549988,479,463.5,465.274994,5954526
17-02-2016,467.549988,478.725006,458.200012,476.299988,7059664
18-02-2016,481.475006,484.350006,468,470.049988,6598322
19-02-2016,470,476.375,468.674988,472.174988,4679328
22-02-2016,472.049988,484.149994,472.049988,481.149994,5838396
23-02-2016,481.549988,483.600006,471.375,474.825012,8681492
24-02-2016,472.450012,479.274994,471,476.325012,6942622
25-02-2016,477.100006,478.274994,470.424988,472.049988,11350050
26-02-2016,476.5,479.375,472.149994,475.174988,3817066
29-02-2016,475.649994,497.299988,467.5,483.325012,14186948
01-03-2016,482.350006,492.524994,482.325012,490.649994,7521846
02-03-2016,496.450012,502.875,493.625,500.75,9191772
03-03-2016,505,509,498.75,506.424988,7260012
04-03-2016,507,507.5,501.75,503.200012,4108856
08-03-2016,503.75,515.450012,503.75,513.5,6045108
09-03-2016,510,521.950012,509.299988,520.849976,5419662
10-03-2016,521.025024,522.950012,504.5,505.875,9466248
11-03-2016,507.450012,514.775024,505.299988,507.25,7003352
14-03-2016,509.549988,513.200012,506.475006,509.875,5431180
15-03-2016,512,513.924988,507.549988,510.25,4794664
16-03-2016,510.5,512.900024,502.725006,510.875,5058148
17-03-2016,513.5,518.450012,506,508,7695480
18-03-2016,509.125,515.075012,507.850006,513.599976,6414492
21-03-2016,513.974976,520.75,511.375,518.650024,5809704
22-03-2016,518.5,526.125,517.825012,523.924988,7009934
23-03-2016,523.450012,523.450012,511.200012,514.599976,7683308
28-03-2016,515,515.849976,507.825012,510.200012,8261106
29-03-2016,511.899994,521,510.100006,518.125,7255802
30-03-2016,521.349976,525.875,521.349976,523.525024,6607560
31-03-2016,520.5,528,516.349976,522.599976,14095970
01-04-2016,519.549988,523.150024,512.5,517.224976,5660230
04-04-2016,520,521.099976,512.650024,517.525024,3946520
05-04-2016,515.674988,521.200012,511.100006,513.474976,4690296
06-04-2016,516.049988,518.349976,511.299988,516.875,3195950
07-04-2016,517.450012,524,511.049988,518.625,4018110
08-04-2016,517.950012,527.224976,515.599976,518.174988,6131402
11-04-2016,518.5,522.75,516.5,520.150024,4712636
12-04-2016,520.150024,528.724976,519.025024,523.700012,5104198
13-04-2016,526.275024,534.950012,526.275024,533.025024,7332282
18-04-2016,532.900024,533.400024,527.700012,532.375,8716204
20-04-2016,534.599976,534.599976,517.900024,518.650024,9914994
21-04-2016,520.700012,526,517.5,520.575012,5202872
22-04-2016,519.5,523.75,514.650024,519.474976,5351172
25-04-2016,522.224976,522.224976,506.149994,508.450012,27959172
26-04-2016,507.700012,511.950012,503.75,508.475006,12082558
27-04-2016,508.950012,512.974976,508,509.700012,6630120
28-04-2016,507,509.600006,495.475006,498.350006,28321014
29-04-2016,496.725006,499.274994,489.424988,491.350006,10734120
02-05-2016,489.5,496.200012,489,493.475006,4855506
03-05-2016,494,497.475006,486.375,487.899994,8033248
04-05-2016,487.024994,491.850006,486.5,489.049988,6192906
05-05-2016,490,491.725006,485.450012,487.625,9904822
06-05-2016,486.5,488.399994,483.5,484.475006,6742440
09-05-2016,487.5,493,486.399994,491.549988,7016176
10-05-2016,491.549988,492.350006,489,491.274994,3313680
11-05-2016,485.899994,490.375,485,487.700012,5641398
12-05-2016,488,497.100006,487.524994,496.399994,5845428
13-05-2016,494.475006,495.274994,487.5,489.075012,6696706
16-05-2016,488.5,491.25,485.549988,487.975006,4264144
17-05-2016,490.125,491.549988,483.174988,484.575012,5558046
18-05-2016,482.950012,486.25,482.049988,485.274994,3761948
19-05-2016,485.850006,485.950012,472.799988,475.600006,4176116
20-05-2016,476,477.25,465.674988,467.100006,8477976
23-05-2016,468.674988,470.350006,462.825012,465,8396196
24-05-2016,464.024994,472,464.024994,470.225006,5615474
25-05-2016,474.924988,476.399994,470.575012,475.600006,4224270
26-05-2016,475,476.200012,472.049988,473.424988,6487202
27-05-2016,474.524994,488.450012,474.375,487.350006,6126758
30-05-2016,488.200012,490.75,482.5,484.350006,4404182
31-05-2016,484.5,486.5,478.25,478.924988,10666938
01-06-2016,478.975006,483.049988,475.899994,476.799988,4134068
02-06-2016,477.25,478.575012,472.549988,478.125,4687704
03-06-2016,480,481.450012,477.924988,479.825012,3951424
06-06-2016,480.5,481.5,476.274994,477.399994,3964932
07-06-2016,478.625,480.475006,475.799988,477.524994,8665254
08-06-2016,479,479,474.575012,477.049988,5547950
09-06-2016,480,488.225006,478.100006,485.575012,7151680
10-06-2016,487,492.200012,484.149994,488.350006,7459474
13-06-2016,484.950012,491.725006,481.524994,490.549988,4669712
14-06-2016,490.475006,492.700012,484.649994,488.125,4994016
15-06-2016,490,493.25,486.875,492.299988,5087842
16-06-2016,490.5,491.825012,483.524994,488.149994,4284658
17-06-2016,488.5,489.325012,485.049988,487.450012,4816192
20-06-2016,486.075012,496.299988,484,495.100006,4918474
21-06-2016,497.049988,497.075012,489.850006,493.549988,6369730
22-06-2016,492.5,492.950012,488.549988,490.25,5846568
23-06-2016,489.975006,491,485,490.225006,4497386
24-06-2016,482.450012,482.450012,466.700012,475.725006,11422346
27-06-2016,470.25,479.200012,470.25,477.825012,4189198
28-06-2016,478.200012,480.774994,477.5,478.899994,3476740
29-06-2016,481,484.475006,480,483.450012,3439714
30-06-2016,486,488.75,483.524994,484.575012,5832658
01-07-2016,486.375,488.399994,485,486.725006,3021958
04-07-2016,487.75,496.799988,487.75,493.350006,3567500
05-07-2016,493.049988,501.450012,490.149994,496.549988,5193356
07-07-2016,496.25,500.25,493.075012,493.950012,5499296
08-07-2016,493.5,494.5,488.174988,489.200012,3264450
11-07-2016,495.5,497.475006,492.75,496.25,3779212
12-07-2016,497.625,502.5,495.5,501.700012,4465370
13-07-2016,502.600006,508.350006,502.075012,504.375,6818772
14-07-2016,504.049988,507.049988,499.125,502.450012,4918366
15-07-2016,504.5,510.5,501.75,506.100006,6397124
18-07-2016,514,519.375,500.875,503.125,14678172
19-07-2016,503,511.475006,497.649994,508.899994,7611500
20-07-2016,509.975006,514.150024,508.274994,511.5,5607290
21-07-2016,512,512.5,502.5,503.174988,3068088
22-07-2016,503,508.899994,502.549988,507.424988,3154228
25-07-2016,507,511.875,503.674988,511.375,3767768
26-07-2016,511.5,517.400024,507.600006,512.025024,4807744
27-07-2016,511.524994,513,504.475006,506.549988,5042896
28-07-2016,507.475006,515.25,506.524994,513.174988,7136750
29-07-2016,512,512.450012,506,507.450012,4402328
01-08-2016,509,510.149994,502.524994,504.75,3647388
02-08-2016,504,510,503.149994,506.399994,3524816
03-08-2016,507.200012,507.200012,495.75,496.975006,5427608
04-08-2016,499.5,500,491.700012,496.5,4657432
05-08-2016,499,509.5,498.524994,508.125,5535828
08-08-2016,509.950012,517,509.325012,514.625,6197506
09-08-2016,513.5,517.25,510.5,515.349976,6076092
10-08-2016,515.625,517.275024,501,501.825012,6158926
11-08-2016,500.975006,511.424988,499.799988,507.049988,6477798
12-08-2016,508.5,521.450012,508.5,517.900024,7481722
16-08-2016,518.125,522.400024,507.75,512.450012,6111206
17-08-2016,512.049988,514.400024,503.600006,506.649994,7079940
18-08-2016,508,511.825012,508,509.024994,3542898
19-08-2016,509,511,503.549988,507.450012,3738616
22-08-2016,506,509.850006,503.600006,505.924988,3055808
23-08-2016,506,507.5,502.5,505.225006,3346656
24-08-2016,505.850006,510.975006,505.5,510.25,3986306
25-08-2016,510.600006,514.5,504.5,506.350006,6839550
26-08-2016,508.950012,515.400024,507.299988,513.950012,4406930
29-08-2016,513.625,529.875,513.049988,528.724976,7402990
30-08-2016,531,534.25,526.5,533.200012,8307044
31-08-2016,532.450012,537,523.5,530,10649920
01-09-2016,526.5,536.375,512.849976,514.599976,19484908
02-09-2016,515.549988,516.275024,501.149994,506.674988,12857628
06-09-2016,509.950012,512.5,507.5,509.950012,5262182
07-09-2016,511,513.525024,506.524994,508.825012,5909990
08-09-2016,511.524994,517.974976,510.100006,516.700012,5580392
09-09-2016,517.5,524.950012,515,522.275024,6980882
12-09-2016,515.200012,528,514.575012,523.25,15399600
14-09-2016,524,529.5,520.450012,522.375,8505508
15-09-2016,523.5,535.099976,523.5,532.5,14341770
16-09-2016,533.5,546.924988,529.549988,537.775024,17977852
19-09-2016,536.275024,544,535.5,541.200012,7624648
20-09-2016,542,542.375,534.525024,537.099976,5271708
21-09-2016,537,542.450012,534.5,536.125,5002952
22-09-2016,541.5,547.900024,539.5,544.474976,8577088
23-09-2016,544.5,554.724976,544.5,551.400024,14211450
26-09-2016,551.700012,564.775024,550.125,553.599976,17469886
27-09-2016,558.5,562.974976,553.299988,555.25,8857386
28-09-2016,553.950012,554,543.150024,545.325012,11346976
29-09-2016,547.5,555.375,533.700012,536.224976,9719492
30-09-2016,534,547.275024,533.150024,541.849976,5120210
03-10-2016,543.5,553.974976,538.125,545.349976,8286218
04-10-2016,546.525024,554.150024,546,548.174988,5995088
05-10-2016,552,553.25,542.900024,544.700012,4932794
06-10-2016,546,563.125,546,555.400024,9651260
07-10-2016,557,561.525024,553.25,554.5,6985676
10-10-2016,557,561,547,548.174988,5281946
13-10-2016,544.5,544.525024,526,528.575012,10029334
14-10-2016,531.5,541,530.825012,538.825012,6978946
17-10-2016,540,540.400024,529.375,530.325012,4492474
18-10-2016,533,541.375,531.025024,540.549988,5062266
19-10-2016,542.224976,547.349976,540.700012,543.674988,7805312
20-10-2016,546.974976,549,542.025024,543.775024,4629042
21-10-2016,548.5,548.5,529.200012,532.099976,19936484
24-10-2016,535,537,530.325012,531.650024,4806198
25-10-2016,532.5,532.625,527.099976,530.424988,3501422
26-10-2016,528.025024,529.724976,526.049988,527.025024,5004110
27-10-2016,525.549988,526.950012,521.700012,524.349976,5871148
28-10-2016,525,529,521.900024,527.474976,3715834
01-11-2016,525.650024,527.974976,523.700012,525.5,4674022
02-11-2016,520.5,521.424988,510.5,511.875,3218450
03-11-2016,511.924988,517.375,510.299988,511.975006,3342742
04-11-2016,510.125,513.450012,500,502.774994,5273822
07-11-2016,507,508.274994,499.524994,500.575012,4345842
08-11-2016,502.850006,502.850006,499.149994,501.75,6140692
09-11-2016,475,504.5,465,502.299988,9893146
10-11-2016,509.299988,514.474976,503.5,505.200012,4463814
11-11-2016,498.924988,508.75,497.549988,500.875,6754784
15-11-2016,498.25,500,489.774994,492.700012,6623184
16-11-2016,497.5,498.399994,490.350006,493.274994,7566452
17-11-2016,493,499.075012,487.200012,488.875,5773270
18-11-2016,492.5,496.350006,491,493.75,8303856
21-11-2016,493.774994,496.774994,491.600006,495.75,6049424
22-11-2016,498.850006,503.899994,496.649994,500.725006,8067320
23-11-2016,502.5,505.25,499.774994,504.5,5992496
24-11-2016,502.774994,502.774994,491.100006,493.674988,8646750
25-11-2016,495,497.950012,492.174988,496.850006,4779658
28-11-2016,496.5,500.299988,492.049988,493.325012,3800322
29-11-2016,494.5,502.149994,494.024994,498.850006,4519218
30-11-2016,499.975006,499.975006,493.325012,495.024994,12616008
01-12-2016,500,507.5,497.5,498.875,5773026
02-12-2016,497.950012,502.5,495.899994,497.375,5706090
05-12-2016,497.5,499.850006,493.25,496.924988,1822820
06-12-2016,498,503.274994,497.299988,502.600006,3075070
07-12-2016,502,503.799988,498.174988,499.575012,2254226
08-12-2016,502.524994,510.899994,502.174988,510.024994,4000460
09-12-2016,511,515.924988,510.149994,514.474976,3766666
12-12-2016,510.25,520.849976,510.25,513.599976,4125400
13-12-2016,514,520.5,513.775024,519.900024,4738906
14-12-2016,519.900024,532.224976,519.099976,529.75,11035658
15-12-2016,526.200012,533.799988,524.325012,526.474976,8837934
16-12-2016,526,531,526,528.575012,6831074
19-12-2016,527.5,533.474976,527.174988,531.275024,6861900
20-12-2016,527.349976,530.5,526.575012,528.950012,5343438
21-12-2016,530.049988,533.650024,528.599976,531.625,9311516
22-12-2016,529,531.325012,525.474976,526.674988,13208832
23-12-2016,526,534.474976,526,528.650024,4692828
26-12-2016,527.174988,533,522.325012,523.724976,7004598
27-12-2016,523.924988,533.549988,523.5,532.349976,7974284
28-12-2016,533.950012,534.775024,523.549988,524.849976,4405854
29-12-2016,525,534.400024,524.75,532.724976,4010412
30-12-2016,532.400024,542.5,531.549988,541.200012,7182986
02-01-2017,542,545,536.174988,542.549988,3244916
03-01-2017,544.924988,548.5,540.549988,544.700012,2941502
04-01-2017,546.450012,546.5,532.150024,533.575012,4751094
05-01-2017,535.5,539.950012,534.375,538.700012,3992966
06-01-2017,537.099976,542.5,536.549988,537.474976,3586854
09-01-2017,538.5,543,535.5,538.849976,2390514
10-01-2017,540,547.200012,540,544.924988,5188800
11-01-2017,547.5,547.849976,542,543.025024,5246422
12-01-2017,543.5,545.174988,539.900024,541.650024,1998728
13-01-2017,542.275024,548.75,542.275024,545.200012,3307338
16-01-2017,544.974976,546.974976,536.974976,538.125,5492010
17-01-2017,532.5,534,519.25,520.625,17936580
18-01-2017,521.299988,524,514.375,516.275024,7254142
19-01-2017,517.575012,522.650024,515.5,516.849976,6987456
20-01-2017,516.974976,518.724976,511.950012,512.900024,4016164
23-01-2017,510.899994,515.5,506.399994,507.950012,6267066
24-01-2017,508.5,514.400024,508.5,513.650024,4306182
25-01-2017,516,516.349976,508.075012,508.649994,10906460
27-01-2017,510.125,514.450012,509.5,512.549988,9994478
30-01-2017,512.474976,523.224976,512.400024,522.400024,7167512
31-01-2017,523.424988,526.900024,520.150024,522.599976,6914730
01-02-2017,523.049988,525.450012,517.599976,524.825012,5171596
02-02-2017,525,525.400024,519.125,521.75,4159816
03-02-2017,523,525.224976,515.049988,516.825012,6043502
06-02-2017,518.5,522.450012,516.025024,520.825012,4567964
07-02-2017,521,521.174988,513.599976,515.450012,4528490
08-02-2017,515.450012,519.125,511,512.575012,7420188
09-02-2017,514,517,513.400024,516.375,4508432
10-02-2017,517.5,517.775024,512.775024,515.075012,5723062
13-02-2017,516.5,517,511,514.924988,3915976
14-02-2017,517.5,526.450012,514.950012,524.900024,8340828
15-02-2017,526.450012,528.75,522.625,525.650024,6965690
16-02-2017,526.275024,534.724976,526.275024,533.75,8985694
17-02-2017,533.25,539.099976,529.224976,537.75,6787712
20-02-2017,535.275024,539.424988,533.25,537.700012,5326254
21-02-2017,537.599976,545.474976,536.525024,544.099976,6485580
22-02-2017,546.5,605.825012,546,603.75,58207852
23-02-2017,606.799988,611,589.674988,591.375,28458468
27-02-2017,595.25,628.400024,595.174988,619.450012,38137822
28-02-2017,616,624,614.25,619.025024,16509062
01-03-2017,620.049988,622.200012,615,617.25,11148306
02-03-2017,618.950012,627.349976,613.525024,618.375,8258066
03-03-2017,620.775024,643.900024,620.775024,629.275024,38541702
06-03-2017,634.5,656,632.625,652.674988,30504308
07-03-2017,659.424988,663.5,648.075012,652.474976,19233700
08-03-2017,653.849976,653.849976,643.049988,645.599976,19812206
09-03-2017,645,649,640.75,643.375,14215340
10-03-2017,645.125,648,630.599976,640.825012,11331136
14-03-2017,659.375,659.5,642.625,644.75,12693240
15-03-2017,645.525024,658.150024,645.200012,652.474976,11021316
16-03-2017,655,655.200012,646.799988,648.825012,7279928
17-03-2017,654,659.974976,649.025024,650.349976,10390152
20-03-2017,653,653.125,639.174988,640.400024,5883428
21-03-2017,641.099976,641.950012,629.650024,631.900024,10330214
22-03-2017,626,632.950012,623.275024,629.849976,9276676
23-03-2017,631.575012,638.775024,629,636.650024,5398180
24-03-2017,637.049988,646,634.224976,643.375,7443822
27-03-2017,635.549988,639.375,623.599976,625.549988,14836244
28-03-2017,629,632,621.049988,622.875,9923868
29-03-2017,625.849976,630,616.674988,628.325012,8651574
30-03-2017,627.5,637.375,626.5,635.325012,12737718
31-03-2017,633,668.825012,633,660.450012,20751038
03-04-2017,671,690.25,668.525024,687.325012,20520654
05-04-2017,697.599976,709,690.049988,707.5,18434720
06-04-2017,704.5,724.450012,701.099976,719.25,23142150
07-04-2017,710.650024,717,701.275024,703.299988,14572302
10-04-2017,705,712.450012,688.650024,690.674988,14066282
11-04-2017,693.924988,700.224976,685.049988,686.174988,14743454
12-04-2017,691.400024,693.224976,675.575012,677,12548430
13-04-2017,677,686.700012,673.674988,682.400024,5812376
17-04-2017,682.5,697.775024,682.5,695.924988,5411708
18-04-2017,699.974976,705,683.5,685.099976,7322166
19-04-2017,684.5,691.275024,678.775024,684.400024,5290584
20-04-2017,689.5,693.400024,682.049988,684.775024,3837224
21-04-2017,690.25,710.5,689.275024,701.25,13820554
24-04-2017,704.525024,717.5,700.099976,708.700012,11663462
25-04-2017,730,733.875,713.049988,716.400024,16807408
26-04-2017,717.5,720.025024,701.299988,708.224976,7663550
27-04-2017,708.5,712.075012,701.099976,704.75,5747310
28-04-2017,704.875,710.150024,695.5,697.599976,5416808
02-05-2017,701,701,683.150024,685.275024,8499368
03-05-2017,688.450012,690.375,682.5,685.049988,4343098
04-05-2017,687.5,689.799988,677.025024,678.974976,6567622
05-05-2017,680.799988,683.674988,662.5,664.125,7131086
08-05-2017,665,669.75,659.174988,660.700012,7345170
09-05-2017,662,666.825012,660.125,665.174988,9649022
10-05-2017,667.400024,681.799988,665.325012,679.549988,10471864
11-05-2017,682.049988,684.875,675.825012,679.775024,6301512
12-05-2017,680.025024,682,672.025024,675.224976,3439458
15-05-2017,678.200012,678.200012,666.75,672.049988,3080426
16-05-2017,673.025024,688.450012,670.5,678.150024,5785894
17-05-2017,676.5,682.974976,673.875,676.549988,4500608
18-05-2017,670.125,675,662.049988,663.674988,4475832
19-05-2017,666.5,667.849976,655,659.424988,5857766
22-05-2017,663.25,666.799988,657.599976,662.075012,4023718
23-05-2017,662.849976,664.924988,651,652.775024,4216446
24-05-2017,653.75,656.849976,647.549988,648.849976,6549608
25-05-2017,650,656.200012,648.224976,651.224976,11850670
26-05-2017,651.974976,672.200012,650,668.650024,9797278
29-05-2017,668.5,682.724976,667.799988,678.450012,10982340
30-05-2017,677.950012,682.349976,674.25,679.674988,4415454
31-05-2017,683.5,683.974976,667.900024,670.349976,7508198
01-06-2017,666.349976,670,661.5,664.125,4358656
02-06-2017,667.5,669.349976,658.5,662.375,5255130
05-06-2017,663.125,670.5,657.924988,664.674988,4953412
06-06-2017,666.974976,666.974976,655.5,656.400024,4384712
07-06-2017,655.599976,671,654.5,669.5,5119908
08-06-2017,670,672.400024,664.025024,665.849976,3613042
09-06-2017,672.549988,676.474976,665.5,667.849976,6325604
12-06-2017,663.275024,664.875,658.5,659.724976,3855026
13-06-2017,660.299988,663.5,655.5,657.174988,2754582
14-06-2017,657.950012,680,657.950012,678.75,24202054
15-06-2017,680,697.5,679.549988,691.974976,12933608
16-06-2017,694.549988,697.900024,684.650024,694.400024,14954314
19-06-2017,695.099976,707.900024,695.099976,704.625,6965824
20-06-2017,704.5,711.049988,703.724976,706.174988,4636798
21-06-2017,703.900024,714,702.125,711,9139886
22-06-2017,714.724976,722.700012,713.849976,716.325012,10111884
23-06-2017,718,721,715.299988,717.924988,14237664
27-06-2017,716,721.5,712.5,718.575012,14899756
28-06-2017,719.974976,719.974976,697.775024,699.25,7117076
29-06-2017,700,705,695.049988,696.349976,5896644
30-06-2017,696,696.200012,687.525024,690,3572422
03-07-2017,694.099976,697.349976,685.5,690.525024,4203772
04-07-2017,695,713.549988,694.5,710.974976,8602400
05-07-2017,714.724976,723.724976,712,721.325012,12439044
06-07-2017,724.349976,725,719,721.275024,6213034
07-07-2017,721.5,748.875,720,745.575012,16387270
10-07-2017,747.549988,750.450012,744.549988,746.424988,1602158
11-07-2017,750.5,752.200012,743.5,747.174988,9598458
12-07-2017,749.700012,762.5,748.75,755.549988,7819594
13-07-2017,754.375,762.5,753.075012,761.049988,10519518
14-07-2017,760,768,757.775024,766.875,9386022
17-07-2017,768.5,779.799988,768.5,775.875,8571618
18-07-2017,773.400024,775.900024,755.5,759.950012,8978824
19-07-2017,756.299988,769,756.299988,766.474976,5390082
20-07-2017,769.875,775,761.849976,764.450012,6229372
21-07-2017,775,795.849976,772.474976,792.5,44410224
24-07-2017,800,812.450012,792.5,807.625,19854458
25-07-2017,812.349976,812.474976,798.799988,801.075012,9172158
26-07-2017,802.099976,814.950012,800.549988,811.375,10036778
27-07-2017,814,815.75,794.174988,797.400024,8416142
28-07-2017,795.625,802.974976,789,797.224976,6552046
31-07-2017,800.974976,809.400024,798,807.599976,7574068
01-08-2017,811.375,811.375,795.75,801.799988,5628596
02-08-2017,805,817.849976,804.049988,814.599976,9502770
03-08-2017,813.424988,832.450012,808.525024,825.049988,9009552
04-08-2017,831.5,831.5,807.549988,811.075012,8494090
07-08-2017,815.799988,815.799988,806.275024,808.174988,4360036
08-08-2017,809,810.525024,793.400024,801.275024,5011136
09-08-2017,800.75,810,792.5,799.400024,4771286
10-08-2017,796.525024,803.325012,788.974976,792.174988,4657686
11-08-2017,775.474976,790,766.5,773.125,7770128
14-08-2017,780.5,792.25,780.5,786.525024,6144598
16-08-2017,786,788,775.099976,783.049988,6206788
17-08-2017,784.5,798.825012,780.575012,783.549988,7236358
18-08-2017,782,788.900024,776.575012,787.700012,3628022
21-08-2017,788.5,792.075012,780.125,782.200012,3462376
22-08-2017,786,789.950012,778.025024,780.025024,4358460
23-08-2017,782.424988,793.275024,776.575012,791.025024,3803648
24-08-2017,795,796.549988,782.25,784.025024,5785142
28-08-2017,789.525024,790.974976,780.599976,783.275024,5630656
29-08-2017,780.924988,783.75,765,766.075012,6932842
30-08-2017,773.775024,784.400024,770.625,782.049988,4724774
31-08-2017,787.5,798.724976,787,797.25,11476990
01-09-2017,799.924988,808.299988,799.5,805.049988,7054954
04-09-2017,807.75,818.075012,797.924988,806.674988,9856750
05-09-2017,815,817.424988,810.525024,816.299988,11528262
06-09-2017,813.200012,826.25,811.400024,822.700012,22285024
07-09-2017,823,832.5,815,818.099976,7408536
08-09-2017,820,823.25,812.099976,816.900024,6056729
11-09-2017,821.299988,826.849976,816.549988,817.900024,5801712
12-09-2017,822.75,825,817,823.75,2971669
13-09-2017,824,859.900024,822,849,13430225
14-09-2017,855.799988,861.5,842,843.849976,5425486
15-09-2017,842,852.849976,834.75,841.799988,13072853
18-09-2017,850,851.049988,843.099976,845.549988,2314174
19-09-2017,848.700012,848.75,837,838.599976,3528729
20-09-2017,856.099976,872.5,845.099976,847.150024,11402965
21-09-2017,847,851.700012,836.25,841.349976,5920552
22-09-2017,839.900024,839.900024,813.200012,817.400024,5620443
25-09-2017,815,827.950012,805.200012,821.549988,6505309
26-09-2017,821.700012,827.049988,812.200012,820.099976,4829571
27-09-2017,825.599976,825.700012,795.5,799.150024,8434196
28-09-2017,799.650024,802.900024,780.200012,786.450012,13508179
29-09-2017,791.75,793.400024,779.099976,780.900024,7619230
03-10-2017,795,803.849976,785.349976,798.349976,8387059
04-10-2017,799.200012,824.950012,795.599976,818.849976,8643924
05-10-2017,825,828.450012,818.650024,824.150024,4860479
06-10-2017,824,839.349976,822.599976,837.049988,5942106
09-10-2017,839,839.799988,828,830.650024,4046109
10-10-2017,831,847.299988,831,843.200012,6734986
11-10-2017,845.299988,858.400024,836,840.150024,7049800
12-10-2017,842.099976,876.799988,842.099976,872.75,8522926
13-10-2017,879.299988,890.700012,873.349976,876.450012,9833512
16-10-2017,879,892,861.299988,876.799988,14633539
17-10-2017,878,884,867.200012,874.349976,6354084
18-10-2017,877.400024,917.900024,875,914.5,16765178
19-10-2017,915.799988,921.900024,903,909.900024,3664082
23-10-2017,912.900024,944.700012,909.099976,939.75,12551649
24-10-2017,947.700012,947.700012,928.200012,934.25,6335308
25-10-2017,940.099976,945.900024,929.5,939.900024,4577050
26-10-2017,940,957.799988,931,947.400024,7698704
27-10-2017,950,956.700012,925.700012,929.849976,5256749
30-10-2017,934,945.549988,930.599976,942.5,3576533
31-10-2017,944.950012,945.75,932.200012,940.849976,4345360
01-11-2017,947.75,957.799988,945.75,952.549988,8033040
02-11-2017,952.799988,956.5,944.25,946.599976,4698609
03-11-2017,955.950012,955.950012,940.150024,945.299988,2193730
06-11-2017,942.5,942.5,929,932.5,4460799
07-11-2017,933.349976,935,903.049988,906.700012,9347943
08-11-2017,902.5,906,884.099976,887.799988,8115980
09-11-2017,894.75,909.900024,892.049988,900.5,6860798
10-11-2017,900.950012,900.950012,879.200012,883.849976,6365174
13-11-2017,885,891.900024,873.5,875.25,4155011
14-11-2017,875,895,873,886.700012,5706105
15-11-2017,884.5,890.599976,877.950012,883.700012,6981872
16-11-2017,885.5,906,885.5,903.849976,6931038
17-11-2017,918.950012,924.900024,908.5,911.900024,5586242
20-11-2017,906.200012,924.349976,905,920.849976,4220192
21-11-2017,926.799988,939.650024,925.5,932.549988,5980763
22-11-2017,937.450012,938.650024,923.450012,930.75,5055490
23-11-2017,931,949.900024,926.650024,947,7329126
24-11-2017,950,959.5,947.400024,951.099976,6394443
27-11-2017,947.25,957.5,944,951.349976,4680074
28-11-2017,949.849976,951.349976,938.099976,943.349976,4641893
29-11-2017,941.849976,950,941,946,3674864
30-11-2017,941.450012,941.450012,919.5,921.549988,9434893
01-12-2017,924.450012,931.25,907.700012,910.099976,5081389
04-12-2017,913.5,913.799988,897.349976,901.599976,4618847
05-12-2017,901.049988,920.75,895.450012,913.700012,8369174
06-12-2017,910,930.299988,908.799988,926.650024,11007689
07-12-2017,930.049988,936,923,931.549988,5529565
08-12-2017,933.849976,936.950012,919.049988,921,5588486
11-12-2017,922.450012,926,913.549988,916.150024,4933853
12-12-2017,915.950012,929,908,915.599976,7215014
13-12-2017,916.900024,924.950012,910.700012,914.650024,4182097
14-12-2017,919,924.900024,908.75,921.5,5021130
15-12-2017,931,932.950012,917.700012,919.75,11158706
18-12-2017,911.950012,932.650024,862.650024,921,8494801
19-12-2017,923.599976,927,920,925.950012,4064982
20-12-2017,925.900024,927.400024,917,918.150024,4774414
21-12-2017,918.450012,923.950012,910,912.950012,4147162
22-12-2017,914.650024,922.400024,909.299988,920.400024,4872675
26-12-2017,924.849976,938.900024,918.150024,929.799988,5301456
27-12-2017,933,937.5,919,923.75,4352384
28-12-2017,925.25,934.400024,919.099976,924.200012,7091515
29-12-2017,926.5,932.299988,918.5,921.049988,5069838
01-01-2018,922.700012,922.700012,907.5,909.75,4321686
02-01-2018,913,919.549988,906.400024,911.150024,4342815
03-01-2018,925,926,913.049988,914.799988,6175312
04-01-2018,918.150024,921.799988,915.700012,920.299988,4118581
05-01-2018,921.799988,926.900024,920.25,923.25,3401905
08-01-2018,926.099976,931,923.5,928.549988,4035417
09-01-2018,928.150024,943.900024,924,940.950012,6534997
10-01-2018,943,947.400024,935.5,942.349976,5361502
11-01-2018,941.799988,942.650024,935,937.75,3588377
12-01-2018,943,952.799988,938.25,949,6890028
15-01-2018,950,958.5,945.200012,949.150024,5084113
16-01-2018,947.700012,947.700012,920,922.950012,4948895
17-01-2018,926,929,907,924.5,6036432
18-01-2018,929,929.599976,915.099976,919.700012,4289053
19-01-2018,923,934.400024,922.099976,931.299988,4559564
22-01-2018,948,974.299988,940,971.5,20892838
23-01-2018,975,990.950012,975,983.25,10298500
24-01-2018,981.75,981.75,962.650024,966.349976,6532672
25-01-2018,967.900024,972,956.150024,965.900024,6249419
29-01-2018,966.200012,977.299988,959.299988,964.5,4524605
30-01-2018,965.799988,965.799988,949,950.400024,4198139
31-01-2018,950,964.5,941.549988,961.299988,5738209
01-02-2018,963.25,972.599976,936.599976,943.849976,7554587
02-02-2018,935,943.950012,901,904.349976,13242095
05-02-2018,894,912.5,881.799988,902.150024,8773525
06-02-2018,877,898,871,892.099976,11000567
07-02-2018,902.549988,905.400024,890,894.400024,7100838
08-02-2018,897.900024,910.650024,892.349976,904.549988,6320734
09-02-2018,889,902,886,897.849976,5294279
12-02-2018,903,918.200012,902.049988,915.5,5429792
14-02-2018,923,942.5,921,933.650024,10170959
15-02-2018,937.650024,945.75,928.150024,935.650024,6109454
16-02-2018,939.599976,942.599976,918.099976,921.299988,4401672
19-02-2018,921,932,913.549988,927,4087936
20-02-2018,929,929.549988,918.799988,921.099976,3866919
21-02-2018,930,932.5,922.150024,929.349976,5448230
22-02-2018,922,931,920,924.349976,5118850
23-02-2018,925.400024,938,922.75,934.25,4850839
26-02-2018,939,944.900024,936.599976,938.700012,3856478
27-02-2018,939,955.799988,938.349976,950.5,6410097
28-02-2018,945.950012,957.099976,943.200012,954.549988,25898694
01-03-2018,949.75,959.900024,945.950012,948.400024,4094652
05-03-2018,943,950.150024,921.599976,924.099976,5634893
06-03-2018,929,936.200012,905.099976,910.849976,7323680
07-03-2018,909.25,909.25,888.049988,889.75,7247708
08-03-2018,897.650024,914.5,893.299988,911.450012,6072983
09-03-2018,914.900024,919.349976,911.049988,913.099976,4863577
12-03-2018,920,933.099976,917.549988,930.299988,3801407
13-03-2018,931.900024,936,921.349976,931.849976,5096825
14-03-2018,928.799988,932.049988,919.200012,929.049988,6731530
15-03-2018,925,929.450012,910,911.799988,5811424
16-03-2018,909,909.700012,886.049988,900.049988,14087564
19-03-2018,901,906.900024,892,895.5,5774392
20-03-2018,893.299988,904,887.049988,889.799988,6945721
21-03-2018,894.849976,902.349976,893.299988,896.900024,6727261
22-03-2018,896,911.950012,895.75,908.150024,10116965
23-03-2018,890.599976,900,889.099976,893.900024,10729694
26-03-2018,893.950012,904.299988,892.5,901.099976,6047262
27-03-2018,907.200012,910.75,897,899.799988,6939577
28-03-2018,895.799988,895.849976,880,882.700012,8759586
02-04-2018,893,900.950012,886.5,892.950012,5712065
03-04-2018,891,901.700012,885.25,899.549988,6364728
04-04-2018,904.700012,911.799988,892.049988,894.900024,6498407
05-04-2018,905.099976,910,903.5,908.200012,3898676
06-04-2018,908,918.5,905,911,4418462
09-04-2018,912.549988,919,912.549988,916,3572251
10-04-2018,918.400024,923.900024,914.150024,917.049988,3865402
11-04-2018,921.799988,932.75,916.049988,930.849976,6007539
12-04-2018,929.849976,936.650024,924.200012,928.700012,4947725
13-04-2018,932.700012,941.700012,928.700012,938.849976,5767984
16-04-2018,934.450012,940,928.5,937.049988,4084450
17-04-2018,940,947.200012,936,944.25,4388713
18-04-2018,945.25,948.200012,935.049988,938,3365196
19-04-2018,939.099976,945,935,942.299988,4481413
20-04-2018,938,941.849976,921.200012,927.900024,3349519
23-04-2018,930,944.349976,928.5,936,3508515
24-04-2018,935.799988,975.700012,935,970.049988,9107264
25-04-2018,973.650024,981.799988,963.549988,970.5,6436620
26-04-2018,973,988,962.25,975.349976,15588001
27-04-2018,989.799988,1011,985.5,996.299988,11666267
30-04-2018,982,992.599976,960,963.299988,8871802
02-05-2018,967,979.200012,965.049988,972.700012,6117761
03-05-2018,977.900024,977.900024,959.25,961.599976,3947546
04-05-2018,962.849976,964.700012,950,953.950012,3795692
07-05-2018,958.849976,973.25,956.349976,971,3512532
08-05-2018,977.5,982,965.200012,967.099976,4934036
09-05-2018,965.900024,984.299988,962.25,976.700012,4494423
10-05-2018,980,984.599976,974.25,981.150024,4014645
11-05-2018,981.25,991.299988,977.75,989.25,4011516
14-05-2018,991.950012,991.950012,976.700012,986.599976,2579561
15-05-2018,983.049988,1000,976.650024,978.950012,4800923
16-05-2018,974,974,952.450012,956.150024,8613363
17-05-2018,959.349976,960,941.5,945.349976,4733477
18-05-2018,945.599976,953.5,932,933.849976,5230037
21-05-2018,930.75,935.700012,922.099976,931.349976,6624893
22-05-2018,933.150024,934,925,926.75,5170585
23-05-2018,926,926,909.150024,912.25,4567562
24-05-2018,914,921,910.150024,915.849976,5317983
25-05-2018,916,923.400024,914.450012,920.799988,8129520
28-05-2018,924.900024,927,918.099976,920.400024,5197835
29-05-2018,921.5,928,914.400024,917.450012,8173396
30-05-2018,914.849976,923.200012,906.599976,916.099976,5991222
31-05-2018,921,922.299988,914.549988,921.349976,16951801
01-06-2018,920,935.75,918.450012,930.549988,8765835
04-06-2018,933.400024,944,930.549988,940.849976,5600357
05-06-2018,942.799988,955,941,947.650024,7971524
06-06-2018,947,956,942.650024,954.400024,4189483
07-06-2018,954.900024,976,954.450012,971.349976,6857300
08-06-2018,966.349976,986.549988,960.599976,984.349976,6532599
11-06-2018,987.099976,999.950012,979.049988,982.650024,6866053
12-06-2018,983.400024,1000,980.299988,997.150024,7445221
13-06-2018,1000,1005.900024,989.5,1002.5,5926020
14-06-2018,997.450012,1011.799988,987.400024,1007.950012,5484867
15-06-2018,1006,1023.5,999.25,1014.200012,11294702
18-06-2018,1008.799988,1020.450012,1007,1015.549988,5652374
19-06-2018,1013.900024,1014.799988,993.650024,996.049988,6346101
20-06-2018,996,1022.900024,994.849976,1019.25,7193824
21-06-2018,1023.450012,1036,1021.299988,1031.949951,10509756
22-06-2018,1028.400024,1029.199951,1008.450012,1012.5,16169978
25-06-2018,1011.400024,1016.5,1002.299988,1004.450012,5197694
26-06-2018,1006,1006,975.25,978.950012,8068585
27-06-2018,978.5,985.400024,962.700012,965.849976,8958555
28-06-2018,962,968.5,940.299988,944.950012,8581234
29-06-2018,949.099976,975.5,949,972.450012,7966401
02-07-2018,972.349976,972.349976,957,960.599976,6660916
03-07-2018,965,978.450012,960.349976,971.299988,5067261
04-07-2018,971.799988,992,971,990.099976,5000724
05-07-2018,997,1008.400024,958.599976,964.5,18719353
06-07-2018,964.75,983,964.5,977.549988,9161266
09-07-2018,987.099976,1000,983.5,997.099976,5170189
10-07-2018,1002.75,1028.5,1000,1025.699951,10444513
11-07-2018,1025,1040.900024,1017.849976,1038.800049,8665072
12-07-2018,1044.349976,1099,1042.599976,1082.349976,24109297
13-07-2018,1080.5,1109,1080,1099.800049,17967282
16-07-2018,1099.800049,1108.900024,1073.050049,1076.199951,6595781
17-07-2018,1078.300049,1095.949951,1069.599976,1092.349976,6469256
18-07-2018,1098.400024,1104.599976,1077.300049,1092.550049,4682099
19-07-2018,1093.300049,1115,1086.349976,1104.849976,5433617
20-07-2018,1113.400024,1138.5,1111.900024,1128.650024,8018150
23-07-2018,1129.800049,1129.800049,1113.099976,1120.300049,5842496
24-07-2018,1122,1126.75,1107.400024,1110.949951,4469144
25-07-2018,1110,1123,1104.199951,1115.150024,5949680
26-07-2018,1110.099976,1121.5,1107.800049,1110.650024,6424867
27-07-2018,1119.5,1137.400024,1112.150024,1129.849976,6679468
30-07-2018,1130,1157.300049,1128,1151.400024,13872467
31-07-2018,1151,1190.400024,1147.150024,1186,13875377
01-08-2018,1190.400024,1202.900024,1185.400024,1192.349976,9704295
02-08-2018,1191.5,1191.5,1165.949951,1168.349976,6248975
03-08-2018,1175,1183.5,1169.550049,1176.949951,6645397
06-08-2018,1176.699951,1196,1175.349976,1192.599976,4016418
07-08-2018,1194.900024,1201.400024,1177,1184.199951,4059450
08-08-2018,1185,1222.5,1185,1217.699951,7912437
09-08-2018,1221.5,1231.699951,1212,1217.949951,6846928
10-08-2018,1211,1215,1202.300049,1204.199951,3581210
13-08-2018,1197.550049,1199.949951,1182.699951,1187.699951,4668159
14-08-2018,1190,1217.199951,1184.300049,1210.599976,5299536
16-08-2018,1203.25,1216,1195.5,1200.800049,5982490
17-08-2018,1209,1215.400024,1200.050049,1203.75,3830992
20-08-2018,1207.900024,1236.800049,1207.650024,1234.900024,7607036
21-08-2018,1237.25,1251.5,1227,1247.199951,7279641
23-08-2018,1246.300049,1274,1238.400024,1269.449951,7968123
24-08-2018,1265.25,1279.949951,1260.050049,1277.5,6652005
27-08-2018,1279.400024,1295.849976,1278.75,1291.5,5572177
28-08-2018,1296,1323,1295,1319,8694751
29-08-2018,1316.300049,1329,1290.199951,1294.199951,11077203
30-08-2018,1293.599976,1297.150024,1270.449951,1274.449951,9850042
31-08-2018,1270,1270,1236.599976,1241.650024,15305857
03-09-2018,1245,1257.900024,1226.050049,1229.150024,12200022
04-09-2018,1235.150024,1254.800049,1229,1241.949951,8838770
05-09-2018,1242.5,1252.650024,1208.5,1227,10324923
06-09-2018,1230.150024,1265.699951,1225.349976,1261.400024,11195043
07-09-2018,1264.900024,1281.349976,1254.5,1278.599976,10692787
10-09-2018,1275,1277,1250.099976,1255.849976,7059008
11-09-2018,1259,1268.400024,1234.25,1237.699951,10874768
12-09-2018,1251.800049,1258.699951,1228.849976,1252.5,8065553
14-09-2018,1259.400024,1275.599976,1247.650024,1253.150024,7878583
17-09-2018,1250.75,1250.75,1221.599976,1225.900024,6754086
18-09-2018,1226,1239.400024,1214.349976,1217.150024,7616412
19-09-2018,1224,1224,1201,1210.75,11265786
21-09-2018,1219,1237.400024,1183.5,1217.5,19070172
24-09-2018,1214.449951,1239.900024,1204.5,1232.050049,10102589
25-09-2018,1235.5,1245,1195,1230.599976,9715020
26-09-2018,1239,1253.949951,1227.150024,1251.400024,6396828
27-09-2018,1255,1263,1237.5,1253.75,10808749
28-09-2018,1259.900024,1271.699951,1247.300049,1257.949951,11073023
01-10-2018,1257.699951,1257.699951,1204,1231.699951,7332693
03-10-2018,1229.5,1239.599976,1200.050049,1205.099976,7376575
04-10-2018,1189.5,1190.400024,1106,1122.25,23212443
05-10-2018,1099.5,1115.300049,1038.150024,1048.849976,21943190
08-10-2018,1050,1117,1025.550049,1109.400024,24679428
09-10-2018,1121.650024,1123.300049,1081.199951,1090.050049,10991196
10-10-2018,1093.900024,1115.849976,1084.300049,1102.099976,9502176
11-10-2018,1064,1114.75,1043,1087.800049,13224172
12-10-2018,1104.949951,1129,1101.900024,1126.550049,9058536
15-10-2018,1129.900024,1146.900024,1118.150024,1139.75,8871776
16-10-2018,1146,1167.400024,1140,1163.800049,7478601
17-10-2018,1179,1179.349976,1140,1151.300049,12785646
19-10-2018,1100,1111,1070.25,1101.300049,25421229
22-10-2018,1110,1114.800049,1057.349976,1062.650024,13165542
23-10-2018,1052.75,1064.699951,1043.650024,1054.699951,10573730
24-10-2018,1074.900024,1075.949951,1031.400024,1045.75,13655337
25-10-2018,1036,1040.650024,1016.400024,1030.800049,14096237
26-10-2018,1032.900024,1057,1022,1044.900024,9182613
29-10-2018,1046,1093.849976,1046,1087.800049,7671807
30-10-2018,1085.5,1085.5,1052.099976,1057,8806701
31-10-2018,1059,1065.849976,1047,1061.25,16457691
01-11-2018,1067.900024,1067.900024,1050,1056.25,9396027
02-11-2018,1067,1081,1063.150024,1074.900024,16796200
05-11-2018,1073.449951,1092.699951,1065,1090.300049,7582518
06-11-2018,1094,1112,1091.599976,1104.099976,8634266
07-11-2018,1115,1115,1106.699951,1110.699951,1283997
09-11-2018,1106.25,1113.800049,1085,1093.449951,10840462
12-11-2018,1097.699951,1098.800049,1074.550049,1080,5801720
13-11-2018,1074,1103,1070.050049,1099.449951,6811598
14-11-2018,1105.050049,1112.650024,1085.5,1097.949951,7787530
15-11-2018,1096.949951,1103,1086.5,1096.849976,6831740
16-11-2018,1097.949951,1129.949951,1097.099976,1127.400024,11031889
19-11-2018,1132.900024,1151.699951,1131,1150,7308981
20-11-2018,1145,1155.900024,1130,1137.400024,5719901
21-11-2018,1137.5,1145.5,1107.050049,1112.900024,7507812
22-11-2018,1114.5,1125.349976,1100.099976,1102.849976,5792568
26-11-2018,1109,1117.5,1097.400024,1109.75,6386556
27-11-2018,1107.900024,1130,1105.449951,1128.199951,6810228
28-11-2018,1132.449951,1157.75,1126.300049,1152.650024,8003964
29-11-2018,1161,1179.900024,1160,1168.5,12636169
30-11-2018,1172.300049,1186,1162.300049,1167.550049,10717448
03-12-2018,1174.900024,1174.900024,1148.5,1156.449951,5569578
04-12-2018,1158,1158,1142.199951,1152.300049,5192825
05-12-2018,1143.75,1158.800049,1139.300049,1155.150024,5819618
06-12-2018,1149,1149,1118.25,1123.650024,5866108
07-12-2018,1129.449951,1136.949951,1108.349976,1133.800049,7214078
10-12-2018,1110,1114.300049,1083.099976,1090.25,9381544
11-12-2018,1066,1102.099976,1055,1097.550049,13494665
12-12-2018,1099,1113.5,1087.75,1110.5,12605431
13-12-2018,1128,1128,1095.050049,1107.050049,9297518
14-12-2018,1103.099976,1114.900024,1091.800049,1112.199951,7221324
17-12-2018,1115.949951,1133,1111.5,1129.900024,5064357
18-12-2018,1123.300049,1139,1120.5,1136.400024,5870928
19-12-2018,1141.5,1147.300049,1133.199951,1136.800049,7368799
20-12-2018,1121,1132.5,1116.150024,1128.449951,5764731
21-12-2018,1125,1131.25,1096,1100.199951,8281941
24-12-2018,1100.900024,1103.199951,1086.550049,1089.150024,4144535
26-12-2018,1085.800049,1100,1065.650024,1098.349976,7210059
27-12-2018,1107.199951,1127,1104,1120.199951,12478000
28-12-2018,1125.5,1135.25,1121.199951,1125.550049,7666016
31-12-2018,1130.949951,1133.849976,1116.199951,1121.25,7222817
01-01-2019,1125.25,1127.300049,1110.099976,1121,4455850
02-01-2019,1114.5,1127,1101,1106.400024,7144970
03-01-2019,1107.5,1114.599976,1090.099976,1092.75,7446457
04-01-2019,1097.400024,1104.449951,1081.099976,1098.650024,8465141
07-01-2019,1107,1118.449951,1101,1104.75,5513559
08-01-2019,1105.099976,1109.949951,1096,1104.650024,5625153
09-01-2019,1112,1117,1098.699951,1110.75,5766805
10-01-2019,1107.75,1111,1103,1107.5,4080283
11-01-2019,1107.599976,1113.800049,1088.599976,1098.050049,6463903
14-01-2019,1095,1100.5,1086.400024,1096.800049,4111782
15-01-2019,1105,1132,1105,1129.650024,10062875
16-01-2019,1135,1145,1130.349976,1135.900024,6382777
17-01-2019,1144.449951,1147.900024,1130,1134.449951,7487963
18-01-2019,1148.800049,1189.900024,1135.25,1184.349976,25684142
21-01-2019,1194,1239.949951,1188.650024,1237.699951,22038534
22-01-2019,1232.849976,1246.949951,1219.599976,1235.150024,16552819
23-01-2019,1233.300049,1244.199951,1222,1226.300049,8829502
24-01-2019,1225,1253.199951,1220.099976,1247.449951,13155185
25-01-2019,1250.449951,1264.699951,1235.400024,1246,8550836
28-01-2019,1250.5,1255.949951,1222.400024,1229.550049,8569265
29-01-2019,1231,1231.650024,1201.349976,1210.650024,9328866
30-01-2019,1215,1225,1191.099976,1195.699951,7846940
31-01-2019,1202,1229.699951,1201,1227.150024,10185347
01-02-2019,1234,1255,1227.050049,1249.949951,9228965
04-02-2019,1247,1296.949951,1242.050049,1290.900024,11670570
05-02-2019,1292,1304.400024,1278.599976,1291.550049,9362406
06-02-2019,1296.25,1317.650024,1294.25,1310.25,9411585
07-02-2019,1310.25,1321.199951,1286.099976,1290.400024,9212227
08-02-2019,1284.800049,1300.5,1272.25,1277.699951,6505502
11-02-2019,1275.900024,1276,1251,1253.25,7523999
12-02-2019,1251.5,1272.349976,1251.5,1256.400024,6399485
14-02-2019,1241,1241,1218,1224.199951,6627360
15-02-2019,1229.75,1249.900024,1214,1244.449951,9597961
18-02-2019,1250,1252.5,1215,1220.099976,9649017
19-02-2019,1218,1239.699951,1211.199951,1216.099976,6244189
20-02-2019,1223.849976,1240,1219,1234.349976,6298179
21-02-2019,1236,1257.800049,1229.349976,1246.900024,10580178
22-02-2019,1244.599976,1245.300049,1226,1232.349976,8755865
25-02-2019,1236,1243,1220.650024,1232.300049,7852528
26-02-2019,1209.5,1234.800049,1206,1220.25,10131050
27-02-2019,1228.050049,1244.900024,1209,1223.5,11113182
28-02-2019,1233.75,1239.849976,1226.550049,1231.050049,11286916
01-03-2019,1237,1242.349976,1222.25,1226.050049,7922513
05-03-2019,1223.400024,1239.800049,1218.599976,1237.650024,7121509
06-03-2019,1239.800049,1273.099976,1235.099976,1264.800049,12038231
07-03-2019,1264,1279.800049,1258.150024,1270.25,8109259
08-03-2019,1266.050049,1274.449951,1262,1267.099976,6040052
11-03-2019,1270.050049,1312,1268,1304.099976,9718840
12-03-2019,1316.900024,1334,1314.25,1331.349976,11228736
13-03-2019,1337,1360,1328.099976,1347.300049,11236048
14-03-2019,1349.75,1362,1336.099976,1341.550049,10402048
15-03-2019,1345,1358.800049,1311.199951,1321.650024,15893093
18-03-2019,1331,1357.949951,1329,1350.050049,10105234
19-03-2019,1360,1380,1343.099976,1376.550049,9805318
20-03-2019,1377.800049,1388,1364,1375.449951,9892823
22-03-2019,1372.5,1380.900024,1336.699951,1341.75,11465112
25-03-2019,1330.599976,1336.849976,1316.699951,1324.449951,7951992
26-03-2019,1330.300049,1371.599976,1330,1367.25,9479288
27-03-2019,1377.949951,1377.949951,1344.25,1349.25,10094174
28-03-2019,1350.25,1369.800049,1342.800049,1360,10482938
01-04-2019,1370,1406.800049,1362.550049,1391.849976,10098281
02-04-2019,1398,1403.099976,1380.099976,1389.699951,8012636
03-04-2019,1392.75,1403,1372,1375.199951,7849461
04-04-2019,1379,1383.699951,1347.25,1353.050049,8375674
05-04-2019,1360.949951,1363.900024,1343,1353.900024,6728239
08-04-2019,1356,1357.5,1323.699951,1329.25,8723577
09-04-2019,1328.900024,1340.699951,1321,1334.449951,9497621
10-04-2019,1337.949951,1348,1326.5,1331.400024,7612711
11-04-2019,1332.949951,1353,1329,1346.800049,5741333
12-04-2019,1350,1356.900024,1336.650024,1343.099976,5919742
15-04-2019,1345,1348.949951,1335,1340.150024,4245127
16-04-2019,1345,1360,1340,1343.75,7936553
18-04-2019,1375,1389.75,1365,1385.949951,17960482
22-04-2019,1360,1367,1341.300049,1345.349976,10792748
23-04-2019,1348,1373,1346,1363.849976,9055300
24-04-2019,1370.300049,1394.800049,1366.25,1389.5,7360887
25-04-2019,1389.099976,1412.400024,1362.599976,1372.400024,13929820
26-04-2019,1375,1395.949951,1370.699951,1392.800049,6889444
30-04-2019,1396.400024,1396.400024,1366.800049,1392.800049,10217019
02-05-2019,1392,1413.900024,1382.099976,1405.050049,8682505
03-05-2019,1407.949951,1417.5,1402.650024,1408.849976,6510169
06-05-2019,1398,1402.800049,1378.099976,1384.900024,7237910
07-05-2019,1394.800049,1395,1340.199951,1343.5,8877095
08-05-2019,1340,1340,1292.199951,1299.449951,14610543
09-05-2019,1288.800049,1288.800049,1251.75,1256.449951,19507368
10-05-2019,1265,1277.699951,1245,1251.150024,11226831
13-05-2019,1247.900024,1260.800049,1227.5,1232.050049,8047801
14-05-2019,1236.5,1269.349976,1231.5,1260.449951,13001004
15-05-2019,1273,1278,1250.599976,1256.900024,11163801
16-05-2019,1259.949951,1271.900024,1258.099976,1265.349976,6606652
17-05-2019,1267,1276.949951,1252,1267.400024,7898440
20-05-2019,1313.599976,1337.699951,1303.5,1325.900024,12333937
21-05-2019,1332.199951,1367,1330.050049,1339.800049,13872055
22-05-2019,1345.650024,1359.699951,1335.099976,1340.400024,11287400
23-05-2019,1372,1392,1325,1333.900024,17722514
24-05-2019,1348,1353.800049,1316.5,1336.849976,10180759
27-05-2019,1337.099976,1337.5,1307,1310.650024,7349720
28-05-2019,1319.800049,1334.800049,1313.349976,1323.75,19472659
29-05-2019,1321,1333.300049,1304.150024,1313.050049,7112830
30-05-2019,1316.25,1342,1316.25,1329.75,10740841
31-05-2019,1337.900024,1341.900024,1320.199951,1330.150024,11760178
03-06-2019,1335,1367.25,1321.199951,1360.199951,8483610
04-06-2019,1357.449951,1374.25,1348.099976,1351.650024,7059911
06-06-2019,1361.900024,1361.900024,1321.099976,1327.349976,7664319
07-06-2019,1325.949951,1327.25,1305.599976,1314.900024,6730595
10-06-2019,1320.900024,1327,1310.099976,1319.150024,5380148
11-06-2019,1321.849976,1334.5,1318,1329.150024,5253790
12-06-2019,1334.699951,1338.400024,1325,1332.150024,4707716
13-06-2019,1330,1334.699951,1308.650024,1327.25,7171189
14-06-2019,1321.900024,1325,1309.400024,1317.550049,6831331
17-06-2019,1320,1320,1278.5,1282.300049,6815554
18-06-2019,1278.900024,1287.949951,1269.099976,1281,7679193
19-06-2019,1286.900024,1302,1262.599976,1277.349976,6625604
20-06-2019,1280,1300,1278,1296.75,4914012
21-06-2019,1295.949951,1296,1275.550049,1279.5,10623098
24-06-2019,1272.150024,1276.449951,1257.099976,1262.400024,5150998
25-06-2019,1258.900024,1298,1254.25,1295.849976,6842363
26-06-2019,1291,1304.599976,1286.349976,1294.150024,5299942
27-06-2019,1293.150024,1296.900024,1271,1274.150024,11385972
28-06-2019,1277.099976,1282.849976,1248.650024,1253.099976,8659721
01-07-2019,1258.050049,1272.650024,1246.449951,1268.849976,6162080
02-07-2019,1273.949951,1281,1263.300049,1278.5,4638751
03-07-2019,1282.900024,1286.5,1275.050049,1282.550049,4026032
04-07-2019,1281.400024,1291,1280,1284,4275148
05-07-2019,1285.099976,1290.5,1260,1263.349976,4995344
08-07-2019,1258,1268.099976,1248.199951,1252.050049,6404544
09-07-2019,1248.949951,1283.5,1245.5,1280.099976,8016757
10-07-2019,1280.050049,1289.349976,1268.699951,1278.849976,5494315
11-07-2019,1287,1289.800049,1279.300049,1281.550049,3935460
12-07-2019,1283,1300,1278.050049,1280.5,7174054
15-07-2019,1285,1289.5,1270.349976,1276.099976,4873164
16-07-2019,1279.949951,1294.900024,1277.050049,1293,4604019
17-07-2019,1294.300049,1297,1280,1281.849976,4334958
18-07-2019,1282,1286.400024,1258,1261.849976,5459896
19-07-2019,1268.199951,1272.949951,1242.699951,1249,7468515
22-07-2019,1251,1284.5,1227.300049,1280.5,13300153
23-07-2019,1285,1293.900024,1260.400024,1273.550049,9287951
24-07-2019,1273.5,1278.800049,1253.550049,1259.099976,6943982
25-07-2019,1264,1269.050049,1227,1231.5,9968545
26-07-2019,1231.5,1242.5,1210,1213.800049,9320481
29-07-2019,1216.900024,1222,1205.099976,1210.949951,8058035
30-07-2019,1213.949951,1220,1175.949951,1180.900024,9533344
31-07-2019,1175.75,1185,1162.400024,1166.25,9705619
01-08-2019,1163.400024,1188.199951,1150.349976,1180.25,10344862
02-08-2019,1175.699951,1198.25,1162.099976,1184.349976,10865385
05-08-2019,1167,1167,1128,1143.349976,13897461
06-08-2019,1134.75,1149.599976,1122,1128.300049,13288909
07-08-2019,1126.5,1138.550049,1103.099976,1109.400024,11588879
08-08-2019,1108.349976,1158,1095.300049,1152.349976,14262936
09-08-2019,1161.849976,1175.5,1152.300049,1162.099976,10043949
13-08-2019,1233.150024,1302.800049,1226,1274.75,47923444
14-08-2019,1304,1304.449951,1280.349976,1288.25,14487137
16-08-2019,1291.199951,1291.800049,1273,1278,10047496
19-08-2019,1281.050049,1296.800049,1280,1292.599976,7459859
20-08-2019,1289.800049,1292.599976,1272.599976,1275.949951,6843460
21-08-2019,1275.650024,1278.650024,1266.5,1270.949951,4881553
22-08-2019,1270.949951,1271,1238.900024,1246.75,6414937
23-08-2019,1239,1284,1226.5,1275.849976,9741262
26-08-2019,1294,1294,1259,1266.800049,8778739
27-08-2019,1285,1285,1261.199951,1274.849976,12984396
28-08-2019,1273.75,1281,1256.050049,1263.300049,5305639
29-08-2019,1256.449951,1260.25,1235.300049,1241.75,8635974
30-08-2019,1245.5,1254.400024,1221,1248.550049,11308120
03-09-2019,1242.25,1243,1200,1206.400024,8563009
04-09-2019,1200.550049,1205.25,1186.050049,1201.150024,15063355
05-09-2019,1206.800049,1213.199951,1193.300049,1198.599976,10512763
06-09-2019,1203,1229,1195.25,1222.5,10600234
09-09-2019,1220.650024,1233,1213.150024,1222.199951,5370758
11-09-2019,1222.5,1240,1222.5,1234.400024,5544468
12-09-2019,1235,1240.449951,1205.699951,1210.349976,5431139
13-09-2019,1212,1228.5,1206.900024,1225.599976,5919260
16-09-2019,1189,1219.099976,1186.099976,1210.75,9393731
17-09-2019,1211,1211,1193.5,1197.449951,7150435
18-09-2019,1204.949951,1216.300049,1197.199951,1205.699951,6827281
19-09-2019,1207.849976,1209.699951,1172.650024,1179.050049,6293454
20-09-2019,1187.949951,1269.900024,1174.300049,1254.349976,22019674
23-09-2019,1274.150024,1281,1235,1239.199951,9879751
24-09-2019,1243.599976,1298.800049,1242.75,1278.699951,15982067
25-09-2019,1284,1295,1268.849976,1279.550049,8316894
26-09-2019,1292,1298.800049,1283.5,1296.800049,8389212
27-09-2019,1292.5,1315,1284,1309.050049,8712980
30-09-2019,1310,1335.75,1305.550049,1332.25,11549746
01-10-2019,1337,1342,1293.300049,1304.900024,8192597
03-10-2019,1286,1314.699951,1281.300049,1311.050049,6183107
04-10-2019,1319.900024,1328.599976,1303.849976,1308.099976,6853954
07-10-2019,1308.099976,1320.800049,1301.699951,1310.099976,4599818
09-10-2019,1308.699951,1329.949951,1292.5,1324.75,8040938
10-10-2019,1325,1369,1321,1362.75,16003744
11-10-2019,1363.699951,1365.599976,1336.550049,1352.599976,7587648
14-10-2019,1364.949951,1364.949951,1350.849976,1358,6123412
15-10-2019,1362.5,1370,1354.300049,1364.150024,4422075
16-10-2019,1369.900024,1379.650024,1363.699951,1372.349976,8870701
17-10-2019,1375,1399,1372,1396.5,7332464
18-10-2019,1404,1427.900024,1398.699951,1416.349976,12856410
22-10-2019,1425,1436.849976,1403.349976,1414.150024,12703054
23-10-2019,1416.300049,1425.949951,1383.150024,1392.400024,8432964
24-10-2019,1401,1441.400024,1386.550049,1436.449951,10351384
25-10-2019,1441.099976,1441.449951,1411.25,1431.199951,6190013
27-10-2019,null,null,null,null,null
29-10-2019,1445.5,1480,1442.099976,1467.050049,11780494
30-10-2019,1480,1484.550049,1460.300049,1479.099976,7470723
31-10-2019,1484,1489.650024,1461.699951,1464.349976,8898168
01-11-2019,1455,1461.800049,1441,1456.900024,6356579
04-11-2019,1465.900024,1471,1445.099976,1457.650024,6429329
05-11-2019,1463.099976,1468.949951,1441,1447.300049,5799318
06-11-2019,1442.699951,1446.449951,1428.5,1434.900024,6686289
07-11-2019,1435,1463,1432.199951,1458.599976,6438749
08-11-2019,1449,1459.650024,1441.300049,1445.5,5494844
11-11-2019,1439.099976,1444.25,1422.550049,1427.800049,5192423
13-11-2019,1430,1475.900024,1430,1472.300049,11532364
14-11-2019,1476,1481.599976,1455.800049,1462.75,6518339
15-11-2019,1465.650024,1486.800049,1463.150024,1470.849976,7173674
18-11-2019,1472.650024,1486,1455.400024,1459.199951,6435097
19-11-2019,1467,1514.900024,1465,1509.75,13795569
20-11-2019,1555.050049,1572.400024,1543.199951,1547.650024,19904164
21-11-2019,1545,1556,1528.550049,1537.599976,6810577
22-11-2019,1542.099976,1569.5,1537.599976,1546.5,10218978
25-11-2019,1551.150024,1564.800049,1551,1561.550049,6924313
26-11-2019,1568.099976,1576.349976,1556,1560.25,16152137
27-11-2019,1559.949951,1575.5,1556.099976,1569.849976,4408336
28-11-2019,1572.650024,1584.150024,1563.949951,1580.300049,6284885
29-11-2019,1581.949951,1581.949951,1547.849976,1551.150024,8484822
02-12-2019,1600,1614.449951,1577,1586.5,14275186
03-12-2019,1592.75,1594,1572.599976,1578.900024,5938786
04-12-2019,1573,1577.5,1533.75,1552.699951,9594828
05-12-2019,1574,1579.75,1544,1550.849976,9117022
06-12-2019,1553,1568,1541.099976,1554.900024,5982129
09-12-2019,1556.150024,1577.400024,1546.5,1572.599976,5779807
10-12-2019,1572.050049,1573.599976,1554.150024,1561.949951,4650906
11-12-2019,1555.599976,1574.5,1550.599976,1562.400024,5652698
12-12-2019,1570.25,1573.849976,1556.650024,1568.199951,4720977
13-12-2019,1580,1590,1572.400024,1582.900024,5791522
16-12-2019,1592,1593.900024,1564.349976,1566.599976,5436951
17-12-2019,1566.75,1579,1555.550049,1562.699951,9291724
18-12-2019,1563,1580,1562,1575.849976,6739582
19-12-2019,1573.699951,1614.900024,1571.800049,1609.949951,9375484
20-12-2019,1615,1617.550049,1596.099976,1599.099976,9724619
23-12-2019,1560.099976,1577.550049,1557.800049,1571.400024,11478429
24-12-2019,1568.900024,1572.050049,1542.5,1546.449951,8251144
26-12-2019,1541.650024,1552.949951,1510.150024,1515.400024,13605737
27-12-2019,1527,1546.199951,1521.300049,1542.349976,8081591
30-12-2019,1545.949951,1547.650024,1528.050049,1544.199951,7828402
31-12-2019,1542,1543.699951,1508.050049,1514.050049,10150467
01-01-2020,1518,1527.099976,1505.5,1509.599976,6402372
02-01-2020,1512,1540.949951,1512,1535.300049,8096561
03-01-2020,1533,1541.650024,1523,1537.150024,9593498
06-01-2020,1520,1527.900024,1498,1501.5,11209343
07-01-2020,1519,1534.5,1513.5,1524.599976,7627191
08-01-2020,1515,1534.449951,1510,1513.150024,7336561
09-01-2020,1538.599976,1550,1531.25,1548,6849606
10-01-2020,1551.900024,1557.949951,1539.650024,1547.650024,5704686
13-01-2020,1545.050049,1558.699951,1538.400024,1543.699951,8358090
14-01-2020,1540,1550,1521.849976,1529.400024,7230788
15-01-2020,1535.849976,1539.900024,1518.25,1523.849976,7231393
16-01-2020,1529,1543.349976,1528,1537.900024,5873662
17-01-2020,1553.5,1584.949951,1553.199951,1581,13469708
20-01-2020,1609,1609,1526.400024,1532.349976,14878868
21-01-2020,1528.599976,1545.849976,1522,1533.900024,8650831
22-01-2020,1544,1546.75,1531.099976,1533.349976,4719245
23-01-2020,1536.5,1541.949951,1520.699951,1526.849976,5142088
24-01-2020,1527,1536.349976,1518.550049,1521.550049,6687633
27-01-2020,1514.900024,1524.449951,1505,1506.550049,6120429
28-01-2020,1508.599976,1510,1463.599976,1471.75,11215313
29-01-2020,1474.050049,1494.400024,1464.050049,1479.849976,11313297
30-01-2020,1479,1479.699951,1440,1443.75,10241756
31-01-2020,1453,1453.25,1407.199951,1411.650024,15886673
03-02-2020,1369.900024,1399.949951,1363.050049,1385.5,14040626
04-02-2020,1400,1432.5,1397.800049,1426.400024,11604666
05-02-2020,1434.900024,1452.800049,1430.300049,1448.5,8444823
06-02-2020,1454.099976,1467,1440.099976,1457.800049,7103715
07-02-2020,1451,1452.349976,1428.300049,1433.650024,5581641
10-02-2020,1428,1445.5,1410.449951,1435.599976,6922631
11-02-2020,1447.400024,1466.199951,1445.050049,1452.75,6400245
12-02-2020,1456.150024,1474.849976,1455,1470.300049,6187091
13-02-2020,1477.75,1477.75,1462.599976,1474.150024,6201763
14-02-2020,1477.25,1501.449951,1453.099976,1487.599976,9704655
17-02-2020,1489,1506.150024,1474.300049,1478.25,6011340
18-02-2020,1475.900024,1475.900024,1457.400024,1467.400024,5086964
19-02-2020,1479.349976,1506.449951,1475.099976,1503.800049,6438918
20-02-2020,1497,1508,1483.800049,1485.949951,7722577
24-02-2020,1469.75,1477,1439.550049,1444.949951,9769743
25-02-2020,1451.400024,1451.400024,1410,1416.400024,12684109
26-02-2020,1410,1412.349976,1387.349976,1392,13423661
27-02-2020,1388,1393.800049,1369,1386.25,11454300
28-02-2020,1354.900024,1357,1325,1328.650024,17973847
02-03-2020,1355.099976,1369,1301.099976,1316.150024,13486634
03-03-2020,1329.699951,1353.900024,1322,1342.849976,12525809
04-03-2020,1352,1353.800049,1307.900024,1339.699951,10105782
05-03-2020,1352.199951,1357.949951,1306,1311.150024,13948324
06-03-2020,1270,1288.150024,1241.099976,1271,15422068
09-03-2020,1240.050049,1241,1095,1114.150024,40316138
11-03-2020,1108,1178.449951,1108,1153.550049,27237321
12-03-2020,1085,1101,1048.699951,1063,25587823
13-03-2020,998,1140,942.400024,1105.300049,33509107
16-03-2020,1060.550049,1079.699951,1005,1015.700012,17592794
17-03-2020,1047.25,1060,1003.200012,1008,20776373
18-03-2020,1025.300049,1035.900024,961,968.5,20449241
19-03-2020,920.099976,967,892.200012,917.700012,28071848
20-03-2020,939.5,1034.900024,930,1017.950012,28966278
23-03-2020,916.200012,950,875.650024,884.049988,18593390
24-03-2020,930,970,895.799988,943.400024,20908452
25-03-2020,963.799988,1151.550049,963.25,1082.25,33432712
26-03-2020,1095.800049,1116.900024,1042.349976,1066.199951,20912841
27-03-2020,1095,1107.300049,1046.199951,1065.599976,19044609
30-03-2020,1040.599976,1074.800049,1020,1030.449951,13820078
31-03-2020,1073.949951,1129.800049,1048,1113.75,20249183
01-04-2020,1122.25,1124.599976,1045.199951,1080.449951,19016959
03-04-2020,1134.449951,1134.449951,1056.300049,1077.449951,18911970
07-04-2020,1102.099976,1214,1100,1206.099976,24857792
08-04-2020,1180,1229,1160,1192.150024,22803609
09-04-2020,1214,1232.800049,1193,1219.949951,15101511
13-04-2020,1203.949951,1215,1180,1189.150024,10822858
15-04-2020,1197.050049,1236,1143,1149.849976,16147958
16-04-2020,1149.849976,1187.449951,1145,1168.050049,17123489
17-04-2020,1216,1230,1192.650024,1224,15209621
20-04-2020,1226,1257,1202,1243.800049,16472130
21-04-2020,1210,1252,1164,1237.349976,28057044
22-04-2020,1320,1384.900024,1300,1363.599976,65230035
23-04-2020,1367.349976,1385.849976,1353.300049,1370.900024,29928168
24-04-2020,1350.150024,1494.949951,1347.199951,1417,61711199
27-04-2020,1434,1475,1423,1429.75,26736415
28-04-2020,1450,1455.449951,1392.150024,1428.150024,35866256
29-04-2020,1444.900024,1453.650024,1420,1426.949951,17141303
30-04-2020,1440.300049,1480.910034,1424.550049,1452.22998,32926121
04-05-2020,1426.47998,1451.23999,1404.140015,1421.719971,24670336
05-05-2020,1440.050049,1465.109985,1433.609985,1446.930054,20723079
06-05-2020,1450.25,1471.01001,1431.930054,1447.030029,18685710
07-05-2020,1441.339966,1499.439941,1431.430054,1492.800049,23087436
08-05-2020,1530.48999,1565.060059,1522.670044,1547.130005,38887255
11-05-2020,1565.160034,1599.839966,1557.540039,1561.98999,30959745
12-05-2020,1550.109985,1553.619995,1451.23999,1465.359985,46465281
13-05-2020,1527,1527,1454,1496.449951,30657492
14-05-2020,1469,1496.699951,1430.050049,1435.949951,22736607
15-05-2020,1444,1466.699951,1415.099976,1459.400024,28683258
18-05-2020,1470,1482,1428,1440.75,28980385
19-05-2020,1457,1461.699951,1403.25,1408.900024,19528760
20-05-2020,1410,1446.849976,1393,1433.699951,25530626
21-05-2020,1435,1461.449951,1425,1441.25,18076017
22-05-2020,1451.800049,1458,1426.5,1431.550049,17458065
26-05-2020,1448.150024,1449.699951,1416.300049,1424.050049,15329472
27-05-2020,1431,1454,1412,1445.550049,16460756
28-05-2020,1455,1479.75,1449,1472.25,18518271
29-05-2020,1468,1472,1452.650024,1464.400024,18470390
01-06-2020,1480,1538.349976,1475.949951,1520.349976,18434012
02-06-2020,1526,1540,1520.800049,1535.699951,10224049
03-06-2020,1545,1560,1533.349976,1541.650024,11713461
04-06-2020,1544,1589.5,1541,1579.800049,15784379
05-06-2020,1595,1618,1573.699951,1581.699951,15264885
08-06-2020,1618.400024,1618.400024,1565,1569.5,14497996
09-06-2020,1560.300049,1583,1533,1537.150024,11933076
10-06-2020,1543.099976,1579.550049,1540.050049,1572.150024,10214213
11-06-2020,1566,1567.949951,1531,1537.699951,9408046
12-06-2020,1500,1593,1497,1588.800049,17790311
15-06-2020,1565,1626.949951,1561.099976,1614.550049,24509058
16-06-2020,1643,1648.550049,1585.300049,1617.699951,23622794
17-06-2020,1608.25,1635.449951,1602.099976,1615.349976,19282411
18-06-2020,1607,1665,1605.599976,1655.900024,18677617
19-06-2020,1670,1788.800049,1662,1759.400024,48828609
22-06-2020,1773.400024,1804.199951,1735,1746.150024,27781693
23-06-2020,1750,1763.75,1716.099976,1720.900024,17519493
24-06-2020,1735.900024,1772.699951,1711.699951,1727.849976,23807033
25-06-2020,1727,1749,1713.050049,1717.900024,18312025
26-06-2020,1728.800049,1752,1717,1741.650024,14270458
29-06-2020,1728.050049,1739.75,1715.550049,1723.150024,11824524
30-06-2020,1737,1741,1695.550049,1704.099976,13972563
01-07-2020,1720,1749,1708.050049,1737.599976,13136179
02-07-2020,1743,1767.599976,1735.050049,1760.349976,13286365
03-07-2020,1779.800049,1793,1768,1787.900024,13583909
06-07-2020,1805,1858,1792.099976,1851.800049,21697962
07-07-2020,1860,1864.349976,1806.300049,1823.449951,16239990
08-07-2020,1824.050049,1834.949951,1790,1798,12093186
09-07-2020,1809,1835,1786.25,1824.25,16807336
10-07-2020,1828.5,1884.599976,1824.25,1878.050049,20195218
13-07-2020,1903.349976,1947.699951,1900,1935,32124262
14-07-2020,1934,1941.699951,1887.300049,1917,31073305
15-07-2020,1937.949951,1978.800049,1798,1844,64457578
16-07-2020,1847,1869,1812.449951,1843.400024,28133826
17-07-2020,1845,1920,1838,1911.699951,22948894
20-07-2020,1917.800049,1932,1899.650024,1919.900024,16887635
21-07-2020,1939,1977,1936.5,1971.550049,19463004
22-07-2020,1983,2010,1960.699951,2004,27584518
23-07-2020,2003.949951,2079.699951,1991.349976,2057.800049,26921017
24-07-2020,2058,2163,2057.800049,2146.149902,55655668
27-07-2020,2178.800049,2198.800049,2127.899902,2156.199951,37060665
28-07-2020,2156.199951,2194,2150.649902,2177.699951,25435297
29-07-2020,2177.899902,2182.800049,2070.449951,2096.649902,33534147
30-07-2020,2099,2139.699951,2072,2108.850098,33623699
31-07-2020,2114.5,2129,2052.800049,2067.100098,34593133
03-08-2020,2051.300049,2057,2003.099976,2009,21559142
04-08-2020,2020.599976,2167,2000.25,2150.600098,42476932
05-08-2020,2169,2196,2118.300049,2126.449951,34404810
06-08-2020,2157,2167.699951,2107.800049,2134.100098,22762545
07-08-2020,2129.800049,2157.800049,2120.199951,2146.449951,15222303
10-08-2020,2159.100098,2165,2108.100098,2119.850098,12441573
11-08-2020,2134.800049,2160,2100.350098,2133.800049,21611256
12-08-2020,2121,2145,2106.800049,2127.600098,13967116
13-08-2020,2128,2138.899902,2110,2122.050049,11459190
14-08-2020,2122.550049,2157,2089.25,2113.800049,15333164
17-08-2020,2105,2105,2070.100098,2091.350098,14296834
18-08-2020,2085,2134.300049,2082.350098,2118.550049,14097746
19-08-2020,2141,2154,2121.350098,2131.550049,15731396
20-08-2020,2120,2123.899902,2088,2097.050049,10401212
21-08-2020,2118,2122,2077,2081.850098,11667129
24-08-2020,2091.399902,2104.5,2070.5,2095.75,15098991
25-08-2020,2106,2111.300049,2078,2082.100098,8947563
26-08-2020,2085,2147.949951,2047,2137.300049,27630190
27-08-2020,2148,2150,2103.25,2110.600098,12961252
28-08-2020,2120,2132.899902,2106.25,2116.149902,12537520
31-08-2020,2174,2174,2060.350098,2080.699951,28648125
01-09-2020,2100,2122.399902,2062.399902,2087.25,17821397
02-09-2020,2092,2138,2085,2128.199951,12437162
03-09-2020,2128,2138.75,2103,2112.100098,8577634
04-09-2020,2083.550049,2096.949951,2072.199951,2077.25,13141644
07-09-2020,2084,2105.75,2044.25,2082.649902,10119064
08-09-2020,2092,2121,2080.5,2107.100098,12643749
09-09-2020,2085,2167.800049,2081.449951,2161.350098,25525961
10-09-2020,2183.100098,2344.949951,2175.350098,2314,64750460
11-09-2020,2312,2337.850098,2287.100098,2319.75,27445768
14-09-2020,2325,2360,2282,2302.550049,20335273
15-09-2020,2311.949951,2325.75,2288.149902,2318.850098,12542824
16-09-2020,2320,2369.350098,2310.550049,2324.550049,15668979
17-09-2020,2320,2333.699951,2291.850098,2298.75,11919927
18-09-2020,2314.25,2319.449951,2276.550049,2305.699951,15264068
21-09-2020,2300,2336,2247.350098,2255.850098,15519031
22-09-2020,2277,2277,2201.550049,2211.149902,16056620
23-09-2020,2260,2276.75,2205.300049,2230.800049,19839282
24-09-2020,2207.899902,2226,2176.050049,2181.199951,13764841
25-09-2020,2189,2212.800049,2167.300049,2201.699951,13095028
28-09-2020,2227,2238,2207.050049,2216.25,9076248
29-09-2020,2225,2264,2216.25,2245.050049,11926328
30-09-2020,2260,2267,2225,2234.350098,11290667
01-10-2020,2263.800049,2263.800049,2214,2225.25,9591456
05-10-2020,2244,2249.149902,2206,2212.199951,8732869
06-10-2020,2225.25,2233.899902,2201.649902,2210.350098,8497216
07-10-2020,2235,2309,2220,2257.5,24538346
08-10-2020,2259,2268,2222.100098,2239.25,9727405
09-10-2020,2235,2253,2217.100098,2233.449951,8558745
12-10-2020,2235,2255.75,2226.25,2237.050049,6565515
13-10-2020,2230.600098,2285.75,2225.850098,2280.699951,10666190
14-10-2020,2278.899902,2304,2268.5,2287.5,12341434
15-10-2020,2290,2290,2195,2206.5,9246702
16-10-2020,2215,2232.5,2172.649902,2175.800049,9960828
19-10-2020,2190.050049,2228.699951,2155.149902,2176.199951,14398973
20-10-2020,2179,2193,2152.25,2155.899902,8529573
21-10-2020,2168,2192,2097.75,2124.600098,15728986
22-10-2020,2127.399902,2132.5,2091,2106.949951,14215215
23-10-2020,2106,2135,2096.399902,2113.050049,10809307
26-10-2020,2101.949951,2101.949951,2018.5,2029.099976,17225212
27-10-2020,2034.900024,2059.850098,2005,2034.5,16835005
28-10-2020,2041.800049,2057.699951,2007.400024,2011.449951,13809929
29-10-2020,1997,2042,1991,2026.900024,14147418
30-10-2020,2033.5,2065.100098,2021.800049,2054.5,15700946
02-11-2020,2027,2027,1859.150024,1877.449951,45857806
03-11-2020,1890,1909,1835.099976,1850.400024,40931170
04-11-2020,1837,1929,1837,1913.199951,37003111
05-11-2020,1954.949951,1960.949951,1932,1955,17170274
06-11-2020,1990,2040,1978.150024,2029.150024,30770080
09-11-2020,2062.100098,2069,2036,2050.699951,16539467
10-11-2020,2077,2090,2041.199951,2084.550049,17045147
11-11-2020,2089,2095,1978.099976,1997.199951,26178477
12-11-2020,1981,2008.449951,1965,1980,18481466
13-11-2020,1982,2036.650024,1981.75,1996.400024,20946864
17-11-2020,2085,2085,1985,1993.25,21479385
