Date,Open,High,Low,Close,Volume,,,,,,,,
31-May-22,474,476.4,465,468.1,"1,54,41,579",,,,,,,,
01-Jun-22,468,472,464.7,468.3,"94,24,008",,,,,,,,
02-Jun-22,466.9,472.35,466.15,469.85,"93,70,989",,,,,,,,
03-Jun-22,473.25,475.5,463.5,464.5,"1,13,06,291",,,,,,,,
06-Jun-22,464.2,465.6,456.5,463.7,"1,06,61,432",,,,,,,,
07-Jun-22,461.85,465.95,460.5,463.4,"76,72,515",,,,,,,,
08-Jun-22,466.6,475.55,463.2,471.3,"1,71,68,871",,,,,,,,
09-Jun-22,468.95,470.9,462.45,466.95,"1,26,35,601",,,,,,,,
10-Jun-22,462,464.15,458.6,461.85,"86,21,104",,,,,,,,
13-Jun-22,454,454.05,442.1,445.85,"1,34,26,836",,,,,,,,
14-Jun-22,445,449.25,443.35,448.1,"1,13,51,101",,,,,,,,
15-Jun-22,448.95,455.45,448.6,451.35,"99,20,926",,,,,,,,
16-Jun-22,455.15,457.75,440.15,441.6,"1,07,80,703",,,,,,,,
17-Jun-22,440,447.55,437.25,441,"1,43,26,050",,,,,,,,
20-Jun-22,441.5,443.45,430.7,434.7,"1,23,68,534",,,,,,,,
21-Jun-22,439.5,454.95,437.6,450.75,"1,38,01,891",,,,,,,,
22-Jun-22,448.75,451.2,444.65,447.65,"1,10,66,447",,,,,,,,
23-Jun-22,449,456.45,446,451.4,"1,22,29,833",,,,,,,,
24-Jun-22,455.8,460.35,453.2,454.25,"1,08,33,364",,,,,,,,
27-Jun-22,459.95,464.85,458.05,461.2,"95,09,175",,,,,,,,
28-Jun-22,458.9,465.75,458,464.25,"1,32,61,290",,,,,,,,
29-Jun-22,460,462.7,458,459.1,"1,18,00,876",,,,,,,,
30-Jun-22,459,469.3,458.6,465.9,"1,69,26,328",,,,,,,,
01-Jul-22,463.35,468.8,460.55,466.85,"94,05,495",,,,,,,,
04-Jul-22,466.85,474.15,466.85,473.45,"91,86,358",,,,,,,,
05-Jul-22,475.15,480,471,472.15,"1,20,03,244",,,,,,,,
06-Jul-22,475.15,481,473.9,479.95,"1,20,59,857",,,,,,,,
07-Jul-22,484,488.25,481.6,486.75,"1,14,97,832",,,,,,,,
08-Jul-22,489,489.9,485.15,488.55,"90,57,231",,,,,,,,
11-Jul-22,485,491.3,485,488.2,"77,04,792",,,,,,,,
12-Jul-22,485,491.35,483.1,484.95,"73,64,457",,,,,,,,
13-Jul-22,487.75,492.45,484.55,486.5,"82,08,853",,,,,,,,
14-Jul-22,486.6,488.9,476.8,479.35,"93,85,630",,,,,,,,
15-Jul-22,482.55,484.4,474.7,479.1,"69,45,602",,,,,,,,
18-Jul-22,484.55,491.5,482.1,490.3,"99,34,786",,,,,,,,
19-Jul-22,488,498.55,488,497.95,"1,17,24,183",,,,,,,,
20-Jul-22,501,510.6,500.4,508.6,"1,92,80,117",,,,,,,,
21-Jul-22,509.8,513.4,506.75,512.05,"1,38,14,893",,,,,,,,
22-Jul-22,513.45,520.2,511.2,513.7,"1,46,99,129",,,,,,,,
25-Jul-22,513.4,519,509.15,517.8,"1,02,29,778",,,,,,,,
26-Jul-22,517.7,520.8,513.1,514.2,"88,62,656",,,,,,,,
27-Jul-22,515.3,529.95,512.25,528.2,"1,51,01,546",,,,,,,,
28-Jul-22,533.2,537.5,529.55,532.45,"1,21,60,734",,,,,,,,
29-Jul-22,535.05,537,526.75,528.35,"1,19,21,058",,,,,,,,
01-Aug-22,529.05,535,526.4,533.75,"82,95,631",,,,,,,,
02-Aug-22,531.9,544.9,531.1,542.1,"1,68,45,027",,,,,,,,
03-Aug-22,541.9,546.4,534.65,540.85,"2,42,62,125",,,,,,,,
04-Aug-22,543.65,544,524.2,533.25,"1,80,72,293",,,,,,,,
05-Aug-22,535.55,542.9,529,531.05,"2,11,10,734",,,,,,,,
08-Aug-22,524,524,513.85,520.4,"3,25,66,317",,,,,,,,
10-Aug-22,521.55,523.5,513.4,514.7,"1,69,04,151",,,,,,,,
11-Aug-22,520,526,517.2,524.75,"1,38,62,195",,,,,,,,
12-Aug-22,525.7,531.8,525.15,530.7,"1,21,54,012",,,,,,,,
16-Aug-22,533.3,533.85,525,525.95,"1,07,21,167",,,,,,,,
17-Aug-22,528.85,530.55,524.35,528.15,"1,20,54,183",,,,,,,,
18-Aug-22,526.85,534.8,526.2,532.35,"90,13,662",,,,,,,,
19-Aug-22,532,533.65,518.5,520.35,"1,10,87,222",,,,,,,,
22-Aug-22,519,519.9,510,511.3,"96,76,954",,,,,,,,
23-Aug-22,508.25,524,508.25,521.9,"85,97,965",,,,,,,,
24-Aug-22,519,523,512.3,519.3,"1,19,30,650",,,,,,,,
25-Aug-22,521.95,528.3,518.5,520.4,"1,54,73,450",,,,,,,,
26-Aug-22,523.8,529.5,522.2,523.8,"1,28,55,886",,,,,,,,
29-Aug-22,511.3,517,508.75,514.85,"94,21,339",,,,,,,,
30-Aug-22,518.2,532.5,517.95,531.25,"1,48,35,308",,,,,,,,
01-Sep-22,522.25,540.9,522.25,533.3,"1,66,70,228",,,,,,,,
02-Sep-22,537,537.85,531.25,536.7,"1,00,17,930",,,,,,,,
05-Sep-22,537,540.8,536.3,538.9,"78,19,994",,,,,,,,
06-Sep-22,538,542.7,534.1,537.8,"86,57,868",,,,,,,,
07-Sep-22,534.4,537.45,531.55,532.85,"84,45,359",,,,,,,,
08-Sep-22,536,546.3,535.5,544.65,"1,22,40,707",,,,,,,,
09-Sep-22,549.65,557,548,553.35,"1,85,87,927",,,,,,,,
12-Sep-22,554.9,558.6,551.25,554.9,"96,77,415",,,,,,,,
13-Sep-22,560,560,553.75,558,"1,67,07,275",,,,,,,,
14-Sep-22,550,574.85,549.25,571.75,"2,16,32,641",,,,,,,,
15-Sep-22,572.55,578.5,567.9,572.15,"1,27,49,947",,,,,,,,
16-Sep-22,569.1,574,560.3,561.8,"1,47,39,280",,,,,,,,
19-Sep-22,560.7,574.4,559.55,572.25,"1,11,94,003",,,,,,,,
20-Sep-22,577.95,577.95,572.85,574.05,"84,84,017",,,,,,,,
21-Sep-22,575,577.3,565.4,569.7,"93,92,526",,,,,,,,
22-Sep-22,566.75,574,562,567.3,"1,18,69,435",,,,,,,,
23-Sep-22,564.8,568,549.5,550.6,"1,25,63,239",,,,,,,,
26-Sep-22,545.8,549,533,543.3,"1,61,58,750",,,,,,,,
27-Sep-22,544.55,550.9,533.2,536.5,"1,10,66,799",,,,,,,,
28-Sep-22,532.9,539.8,520.35,524.85,"1,22,33,485",,,,,,,,
29-Sep-22,529,535.7,519.55,521.75,"1,73,10,168",,,,,,,,
30-Sep-22,524,536.9,516.15,530.6,"1,74,66,950",,,,,,,,
03-Oct-22,527.6,531.65,518.5,519.75,"93,51,162",,,,,,,,
04-Oct-22,533,535.8,527.8,532.7,"87,45,887",,,,,,,,
06-Oct-22,534.6,541.8,534.6,537.3,"95,07,322",,,,,,,,
07-Oct-22,535.5,535.6,526.55,530.2,"1,10,65,307",,,,,,,,
10-Oct-22,525.7,533.9,522.2,530.75,"96,49,292",,,,,,,,
11-Oct-22,530.75,533.7,525.5,527.4,"1,08,25,440",,,,,,,,
12-Oct-22,530,535,526,533.8,"85,22,604",,,,,,,,
13-Oct-22,533,533.8,520.2,521.45,"1,29,72,765",,,,,,,,
14-Oct-22,530.2,534.85,526,527.2,"85,45,479",,,,,,,,
17-Oct-22,526.4,544.7,524.2,543.65,"1,34,85,349",,,,,,,,
18-Oct-22,547.1,563.5,546.75,562.45,"2,04,40,781",,,,,,,,
19-Oct-22,563,563.45,551.55,553.4,"95,40,583",,,,,,,,
20-Oct-22,552,556.8,545.3,555.4,"1,12,25,588",,,,,,,,
21-Oct-22,557.25,565.8,557.25,560.85,"1,17,67,639",,,,,,,,
24-Oct-22,567,572.5,565.9,570.5,"36,92,065",,,,,,,,
25-Oct-22,572.5,586.2,568,578.55,"1,98,99,324",,,,,,,,
27-Oct-22,583.95,585,577.6,579.65,"1,36,13,533",,,,,,,,
28-Oct-22,579.95,582.65,567,570.75,"1,00,43,644",,,,,,,,
31-Oct-22,574.95,577.45,568.4,573.8,"98,94,639",,,,,,,,
01-Nov-22,576.35,585.75,574.6,576.9,"1,20,69,579",,,,,,,,
02-Nov-22,575.9,578.95,569.9,573.85,"1,02,41,440",,,,,,,,
03-Nov-22,569,587.95,568,584.9,"1,75,57,998",,,,,,,,
04-Nov-22,586,596.95,580.4,593.95,"2,57,59,031",,,,,,,,
07-Nov-22,613,622.7,607.7,614.15,"4,42,65,903",,,,,,,,
09-Nov-22,621,621,610.55,615.55,"1,89,39,854",,,,,,,,
10-Nov-22,613.1,615.1,602.2,605.75,"1,16,18,405",,,,,,,,
11-Nov-22,617.25,619.55,598.5,601.3,"1,55,25,267",,,,,,,,
14-Nov-22,603.95,603.95,591.65,592.55,"1,29,57,268",,,,,,,,
15-Nov-22,594.3,602.1,592.65,600.85,"1,02,86,417",,,,,,,,
16-Nov-22,599.95,603.5,596,599.75,"1,15,55,749",,,,,,,,
17-Nov-22,599.1,602.75,596.15,599.05,"81,67,131",,,,,,,,
18-Nov-22,601,605.75,597.15,602.7,"1,29,33,675",,,,,,,,
21-Nov-22,602.1,602.1,595.35,598.1,"74,12,419",,,,,,,,
22-Nov-22,598.15,600.7,596.15,599.1,"80,48,595",,,,,,,,
23-Nov-22,601.55,609.6,601,607.65,"1,24,35,924",,,,,,,,
24-Nov-22,609.75,611.3,605.8,609.35,"89,60,032",,,,,,,,
25-Nov-22,610.55,613.7,606.25,607.4,"99,94,513",,,,,,,,
28-Nov-22,605.6,610.9,602.35,608.6,"79,34,274",,,,,,,,
29-Nov-22,607.1,611.8,607.1,608.55,"69,42,919",,,,,,,,
30-Nov-22,608.5,611.4,598.4,602.45,"1,56,06,230",,,,,,,,
01-Dec-22,607.85,609.8,601.55,608.1,"1,42,09,313",,,,,,,,
02-Dec-22,607.5,609.6,604.25,607.55,"75,33,838",,,,,,,,
05-Dec-22,608.5,618,607.55,617.3,"1,15,85,602",,,,,,,,
06-Dec-22,614.75,619.8,607.8,608.95,"1,29,96,244",,,,,,,,
07-Dec-22,610.85,612.9,604.5,607.05,"76,13,892",,,,,,,,
08-Dec-22,609.75,613.8,607.15,611.65,"1,00,20,015",,,,,,,,
09-Dec-22,614.4,618,609.1,616.5,"1,12,02,267",,,,,,,,
12-Dec-22,614.8,618.7,611,613.05,"92,85,187",,,,,,,,
13-Dec-22,613.5,617.4,612.5,616.75,"74,55,415",,,,,,,,
14-Dec-22,618.5,626.75,617.5,625.5,"1,40,10,673",,,,,,,,
15-Dec-22,625.55,629.55,614.3,615.95,"1,06,22,271",,,,,,,,
16-Dec-22,612,615.6,602.1,603.35,"94,35,071",,,,,,,,
19-Dec-22,604,609.5,603,604.45,"83,22,012",,,,,,,,
20-Dec-22,603,606.5,599.55,604.45,"67,53,785",,,,,,,,
21-Dec-22,605.9,609.15,589.6,593.4,"92,17,253",,,,,,,,
22-Dec-22,597,599,587.55,593.4,"87,40,149",,,,,,,,
23-Dec-22,590,590.7,571.5,574,"1,30,47,046",,,,,,,,
26-Dec-22,574,601.7,570.7,597.1,"1,32,01,587",,,,,,,,
27-Dec-22,600.4,603.1,593.3,601.9,"96,38,618",,,,,,,,
28-Dec-22,600.9,607,598.55,601.05,"79,88,631",,,,,,,,
29-Dec-22,600,618,597.15,611.8,"2,01,30,392",,,,,,,,
30-Dec-22,615.25,620.55,611.35,613.7,"1,30,52,895",,,,,,,,
02-Jan-23,614.95,619.2,611.2,612.2,"67,26,084",,,,,,,,
03-Jan-23,614.5,616.6,610,612.4,"68,18,062",,,,,,,,
04-Jan-23,611.85,614.95,604,605.2,"70,11,191",,,,,,,,
05-Jan-23,607,611.6,601.95,605.1,"82,41,475",,,,,,,,
06-Jan-23,607.4,607.45,597,600.65,"79,72,036",,,,,,,,
09-Jan-23,605,609,600.1,607.7,"88,78,905",,,,,,,,
10-Jan-23,608.45,609,590.6,595.15,"1,06,22,660",,,,,,,,
11-Jan-23,596.45,599.5,592.25,596.7,"74,19,630",,,,,,,,
12-Jan-23,597.9,597.9,590.1,594.9,"81,83,715",,,,,,,,
13-Jan-23,597.9,602.9,593.65,600.1,"78,77,610",,,,,,,,
16-Jan-23,603,606.1,600.6,603,"54,83,191",,,,,,,,
17-Jan-23,603,606,586.05,592.95,"1,34,61,999",,,,,,,,
18-Jan-23,595.9,597.15,587.6,591.45,"1,15,38,075",,,,,,,,
19-Jan-23,591,591.75,587.55,589.85,"74,75,688",,,,,,,,
20-Jan-23,593.8,596.6,590.8,592.2,"67,50,607",,,,,,,,
23-Jan-23,598.5,601.75,592.95,600.45,"66,04,469",,,,,,,,
24-Jan-23,603.5,604.6,593.05,594.35,"76,09,623",,,,,,,,
25-Jan-23,595.85,595.85,567.4,568.7,"2,56,86,294",,,,,,,,
27-Jan-23,568,568.55,532.25,539.95,"4,01,63,464",,,,,,,,
30-Jan-23,536,554.35,525.2,538.2,"4,07,97,825",,,,,,,,
31-Jan-23,545,557,537.85,553.5,"2,19,11,943",,,,,,,,
01-Feb-23,561.4,565,499.35,527.35,"3,82,18,810",,,,,,,,
02-Feb-23,520.2,532.65,502.5,528.1,"3,92,87,056",,,,,,,,
03-Feb-23,536,545.95,519.15,544.2,"3,23,17,232",,,,,,,,
06-Feb-23,558.8,558.8,536.55,545.4,"2,53,38,586",,,,,,,,
07-Feb-23,548,551.4,541.05,547.1,"1,61,95,947",,,,,,,,
08-Feb-23,550,554.5,545.5,549.75,"1,55,02,847",,,,,,,,
09-Feb-23,552,552,542.8,550.8,"1,50,61,047",,,,,,,,
10-Feb-23,546.5,557.25,546.5,553.05,"1,38,24,475",,,,,,,,
13-Feb-23,554,556.9,533.3,537.5,"1,84,88,732",,,,,,,,
14-Feb-23,539.95,544.6,530.75,540.85,"1,85,59,909",,,,,,,,
15-Feb-23,540,544.65,536.8,542.25,"1,27,96,579",,,,,,,,
16-Feb-23,546.85,546.85,538.5,540.1,"1,27,67,016",,,,,,,,
17-Feb-23,538.5,539.65,527.75,531,"1,41,92,008",,,,,,,,
20-Feb-23,532,533.95,522.15,525.15,"1,25,70,032",,,,,,,,
21-Feb-23,527.1,528.95,522.4,523.45,"1,02,23,218",,,,,,,,
22-Feb-23,520.75,521.9,512.5,516.35,"1,47,63,050",,,,,,,,
23-Feb-23,516.95,524,511.35,521,"1,55,35,085",,,,,,,,
24-Feb-23,524.2,527.5,517.6,521.05,"1,22,53,035",,,,,,,,
27-Feb-23,521.1,529.8,519,527.7,"1,10,48,799",,,,,,,,
28-Feb-23,527.25,528.45,521.05,522.8,"1,57,68,010",,,,,,,,
01-Mar-23,523.25,537.4,523.1,536.7,"1,35,10,198",,,,,,,,
02-Mar-23,535.95,539.9,532.5,533.75,"1,03,76,913",,,,,,,,
03-Mar-23,542,564.3,541.75,561.2,"2,76,56,538",,,,,,,,
06-Mar-23,564.9,567.9,559,561.7,"1,61,62,268",,,,,,,,
08-Mar-23,560,565.5,556.45,564.8,"1,26,37,578",,,,,,,,
09-Mar-23,564.75,565.75,558,558.9,"89,93,423",,,,,,,,
10-Mar-23,553.1,554.95,545,547.35,"1,15,22,371",,,,,,,,
13-Mar-23,547,553.15,528.45,530,"1,43,73,729",,,,,,,,
14-Mar-23,527.65,532.8,520,525.4,"1,47,50,800",,,,,,,,
15-Mar-23,529.8,532,515.55,517.55,"1,12,82,329",,,,,,,,
16-Mar-23,518.4,529.35,514.3,524.5,"2,00,40,008",,,,,,,,
17-Mar-23,528.65,531.6,520.1,529.8,"1,87,87,379",,,,,,,,
20-Mar-23,526.6,526.6,515,519.2,"1,42,75,315",,,,,,,,
21-Mar-23,522,523.45,516.45,521.85,"2,94,85,180",,,,,,,,
22-Mar-23,522.2,527,520.1,521.55,"1,16,19,538",,,,,,,,
23-Mar-23,519.4,521,511.5,512.75,"2,20,97,792",,,,,,,,
24-Mar-23,514.5,514.95,503.45,505.35,"1,44,16,984",,,,,,,,
27-Mar-23,507,514.15,501.55,510.15,"1,56,74,218",,,,,,,,
28-Mar-23,511.45,511.75,503.85,508.1,"1,58,33,599",,,,,,,,
29-Mar-23,509,518,506.3,516.5,"2,42,03,789",,,,,,,,
31-Mar-23,520.65,524.9,519.35,523.75,"1,73,56,345",,,,,,,,
03-Apr-23,524.75,528.5,522.1,526.75,"1,42,10,949",,,,,,,,
05-Apr-23,527,527.6,519.05,523,"1,35,74,801",,,,,,,,
06-Apr-23,524,533.7,521.65,527.65,"2,51,25,879",,,,,,,,
10-Apr-23,529.25,530.4,524.4,526.3,"1,73,35,453",,,,,,,,
11-Apr-23,530.85,535.7,527.15,532.1,"2,64,14,406",,,,,,,,
12-Apr-23,533.2,534,526,528.2,"2,12,92,441",,,,,,,,
13-Apr-23,529.3,534.25,527.15,532.95,"2,85,97,560",,,,,,,,
17-Apr-23,528,545,528,544,"3,24,76,990",,,,,,,,
18-Apr-23,545.35,548.5,540.5,545.85,"2,22,83,456",,,,,,,,
19-Apr-23,544,547.5,538.25,540.3,"2,11,56,372",,,,,,,,
20-Apr-23,541.2,545.45,536.65,544.8,"2,55,88,577",,,,,,,,
21-Apr-23,545,546.4,539.7,543.15,"2,25,99,418",,,,,,,,
24-Apr-23,543.8,555.55,543.5,554.6,"2,33,35,611",,,,,,,,
25-Apr-23,555,567.9,555,561.8,"3,81,42,390",,,,,,,,
26-Apr-23,562,567,556.45,566.35,"2,31,43,882",,,,,,,,
27-Apr-23,565,567.4,561.1,564.75,"1,78,45,169",,,,,,,,
28-Apr-23,567.8,580.45,565.5,578.3,"1,61,83,423",,,,,,,,
02-May-23,580,580.85,573.15,575.3,"1,36,67,511",,,,,,,,
03-May-23,570.65,575,569,570.5,"96,99,527",,,,,,,,
04-May-23,570.2,580.8,568.5,580,"1,25,33,761",,,,,,,,
05-May-23,580.2,588.25,575.05,576.5,"1,81,63,461",,,,,,,,
08-May-23,577.65,587.6,577.35,583.6,"1,29,90,869",,,,,,,,
09-May-23,585,586.45,572.1,573.5,"1,89,59,065",,,,,,,,
10-May-23,575,575,563.25,572.2,"1,85,61,315",,,,,,,,
11-May-23,572.2,580,572,573.45,"1,60,16,715",,,,,,,,
12-May-23,574.7,580.75,571.55,578.15,"1,13,19,335",,,,,,,,
15-May-23,578.75,584,574.65,581.9,"1,14,10,243",,,,,,,,
16-May-23,584,590.4,582,586.3,"2,21,78,229",,,,,,,,
17-May-23,586,590.5,579.5,586.3,"2,37,39,774",,,,,,,,
18-May-23,590.3,593.9,571.4,574.2,"4,56,56,620",,,,,,,,
19-May-23,579,586.25,569.9,575.15,"4,22,93,962",,,,,,,,
22-May-23,577.5,580.3,573.45,577.15,"2,14,84,049",,,,,,,,
23-May-23,578.9,583.7,576.8,581.6,"1,61,20,548",,,,,,,,
24-May-23,579.8,585.25,578.25,582.7,"1,76,16,658",,,,,,,,
25-May-23,582,582.9,577,581.25,"1,64,79,436",,,,,,,,
26-May-23,581.25,587.75,580.55,586,"97,88,076",,,,,,,,
29-May-23,590,596.4,588.05,595,"1,84,32,231",,,,,,,,
30-May-23,595,595.5,591.5,592.8,"1,50,31,640",,,,,,,,
31-May-23,583.8,584.8,577.5,579.85,"2,87,97,643",,,,,,,,
01-Jun-23,581.8,586.4,581,582.75,"1,78,20,226",,,,,,,,
02-Jun-23,584.7,588.9,583,587.2,"1,13,23,908",,,,,,,,
05-Jun-23,588.5,589.8,586,587.2,"1,29,20,507",,,,,,,,
06-Jun-23,588,588.9,583,585.35,"1,11,99,940",,,,,,,,
07-Jun-23,588,590.6,586,589.2,"1,11,13,781",,,,,,,,
08-Jun-23,589.95,593.95,586.35,588.5,"1,59,71,917",,,,,,,,
09-Jun-23,588,589.1,576.75,578.7,"1,88,70,272",,,,,,,,
12-Jun-23,580,581.5,577.7,578.65,"87,86,066",,,,,,,,
13-Jun-23,579.45,581.4,574.25,576.4,"1,26,12,098",,,,,,,,
14-Jun-23,577,578.55,575.25,576.55,"89,48,696",,,,,,,,
15-Jun-23,576,576.7,565.25,566.5,"1,79,34,877",,,,,,,,
16-Jun-23,568.75,574.7,567.05,571.25,"1,26,60,226",,,,,,,,
19-Jun-23,571.25,572.75,565.9,568.85,"1,79,03,691",,,,,,,,
20-Jun-23,568.85,569.45,562.55,567.4,"1,45,49,152",,,,,,,,
21-Jun-23,567.4,569.5,565.65,566.35,"1,49,46,871",,,,,,,,
22-Jun-23,566.35,569,561.05,562.95,"1,49,79,063",,,,,,,,
23-Jun-23,562,562.1,553.8,554.6,"1,22,15,712",,,,,,,,
26-Jun-23,556,558.5,554.5,557.05,"83,60,264",,,,,,,,
27-Jun-23,558.25,567.95,555.65,566.1,"1,06,94,768",,,,,,,,
28-Jun-23,572.25,574,568.55,569.8,"1,80,28,934",,,,,,,,
30-Jun-23,574,574,570.2,572.85,"87,18,232",,,,,,,,
03-Jul-23,574.5,586.35,573.9,585.45,"1,54,21,985",,,,,,,,
04-Jul-23,588.2,595.95,582.25,589.25,"2,47,99,250",,,,,,,,
05-Jul-23,589.8,593.7,588.2,590.6,"1,35,98,114",,,,,,,,
06-Jul-23,590.4,593.5,589.1,592.5,"1,13,23,509",,,,,,,,
07-Jul-23,590,595.5,585.5,593.6,"1,17,07,209",,,,,,,,
10-Jul-23,594.65,599.8,590.25,592.6,"1,14,17,363",,,,,,,,
11-Jul-23,595,595.95,587.35,588.55,"1,32,21,177",,,,,,,,
12-Jul-23,589,594.5,588.2,589.25,"1,60,29,716",,,,,,,,
13-Jul-23,594.9,598,583.35,585.65,"2,00,24,503",,,,,,,,
14-Jul-23,586.75,591.3,580.7,584.4,"1,21,90,152",,,,,,,,
17-Jul-23,587,602.85,584.2,601.1,"1,93,78,986",,,,,,,,
18-Jul-23,603.05,604.05,588.75,592.35,"2,57,57,209",,,,,,,,
19-Jul-23,594.65,602.4,592,601.45,"1,75,56,585",,,,,,,,
20-Jul-23,601.4,610.8,598.75,610.05,"3,40,38,351",,,,,,,,
21-Jul-23,610,619.5,609,615.1,"2,10,40,281",,,,,,,,
24-Jul-23,615.05,621.9,614.3,617.65,"1,17,56,364",,,,,,,,
25-Jul-23,621.8,621.8,604.2,609.6,"1,85,03,305",,,,,,,,
26-Jul-23,612,616.35,609.15,615.15,"99,99,125",,,,,,,,
27-Jul-23,616.4,621.25,613.1,616.55,"1,74,44,742",,,,,,,,
28-Jul-23,616.4,619.9,613.6,616.05,"1,19,30,586",,,,,,,,
31-Jul-23,616.65,621,614.5,620.2,"86,05,483",,,,,,,,
01-Aug-23,620.2,620.85,610.6,611.85,"1,34,93,453",,,,,,,,
02-Aug-23,609.85,610.5,594.1,598.45,"1,49,77,497",,,,,,,,
03-Aug-23,598.7,600.85,585,590.5,"2,77,74,877",,,,,,,,
04-Aug-23,594.8,598.7,571.4,573.3,"5,27,25,616",,,,,,,,
07-Aug-23,577,577,566.65,567.9,"3,27,36,325",,,,,,,,
08-Aug-23,571,574.25,568.45,573.1,"2,50,38,671",,,,,,,,
09-Aug-23,575,575,568.35,573.75,"1,57,69,111",,,,,,,,
10-Aug-23,573.75,577.6,570.1,573.65,"2,73,25,801",,,,,,,,
11-Aug-23,575.45,579,572,574.15,"1,82,21,179",,,,,,,,
14-Aug-23,572.95,573,558.6,560.8,"2,80,84,093",,,,,,,,
16-Aug-23,558.8,566.4,554,565.35,"1,57,25,767",,,,,,,,
17-Aug-23,565.75,573.15,564,572.15,"2,79,10,162",,,,,,,,
18-Aug-23,570,575.25,567.4,572.95,"1,82,53,227",,,,,,,,
21-Aug-23,572.95,575.55,570.75,571.7,"93,80,810",,,,,,,,
22-Aug-23,572.5,574.45,567.5,568.5,"1,40,73,413",,,,,,,,
23-Aug-23,571,577.95,566,576.9,"1,85,79,297",,,,,,,,
24-Aug-23,578.15,582,575.55,576.95,"2,41,31,644",,,,,,,,
25-Aug-23,573.8,575.3,567.2,569.95,"1,22,71,885",,,,,,,,
28-Aug-23,572.8,574.8,569.2,572.85,"97,11,932",,,,,,,,
29-Aug-23,573.65,576.3,571.85,574.85,"1,31,44,855",,,,,,,,
30-Aug-23,576.7,577.7,566.1,567.4,"1,52,81,416",,,,,,,,
31-Aug-23,569.3,570.3,559.4,561.35,"2,78,98,476",,,,,,,,
01-Sep-23,562.7,571.2,562.1,569.55,"1,81,21,168",,,,,,,,
04-Sep-23,572,576.35,568.45,575.55,"1,21,08,655",,,,,,,,
05-Sep-23,575.6,578.25,571.35,573,"1,44,44,729",,,,,,,,
06-Sep-23,574.25,574.25,568,570.5,"2,06,09,936",,,,,,,,
07-Sep-23,568,581,568,579.05,"1,23,90,597",,,,,,,,
08-Sep-23,581,588.5,579.7,583.45,"1,40,32,068",,,,,,,,
11-Sep-23,587,592.3,585.35,591.7,"1,09,46,134",,,,,,,,
12-Sep-23,593.65,594.25,584.65,588.35,"1,60,93,060",,,,,,,,
13-Sep-23,588.4,598,583.45,596.45,"1,93,77,172",,,,,,,,
14-Sep-23,598.45,603.7,595.2,597.3,"1,31,78,911",,,,,,,,
15-Sep-23,599.35,600.7,595.2,598.8,"1,17,56,389",,,,,,,,
18-Sep-23,598.8,608.4,597.05,603.95,"1,93,05,055",,,,,,,,
20-Sep-23,600.85,606.8,599.4,601.1,"2,13,14,600",,,,,,,,
21-Sep-23,600,606.6,584.65,588.15,"2,34,53,425",,,,,,,,
22-Sep-23,593.5,602,591.4,598.15,"1,87,84,139",,,,,,,,
25-Sep-23,601.5,601.5,590.45,594.05,"97,12,784",,,,,,,,
26-Sep-23,594,595,591.25,594.4,"83,27,427",,,,,,,,
27-Sep-23,593.45,594.3,588.2,589.75,"98,65,347",,,,,,,,
28-Sep-23,591.25,595.2,588.85,589.95,"2,19,60,816",,,,,,,,
29-Sep-23,592.85,600,591.3,598.55,"1,21,89,735",,,,,,,,
03-Oct-23,596.6,604.9,589.6,602.95,"1,53,22,196",,,,,,,,
04-Oct-23,600,600.45,584.45,586.25,"2,49,14,612",,,,,,,,
05-Oct-23,590,594.35,587.1,592.15,"1,32,48,028",,,,,,,,
06-Oct-23,593.4,598.95,592.2,594.25,"82,16,780",,,,,,,,
09-Oct-23,588,589,581.55,585.1,"91,89,597",,,,,,,,
10-Oct-23,587,595,585.75,591.65,"1,03,73,508",,,,,,,,
11-Oct-23,596.9,597,587.6,588.35,"1,42,20,119",,,,,,,,
12-Oct-23,590.8,593,585,586.05,"1,19,83,797",,,,,,,,
13-Oct-23,577.75,581.3,574.8,576.15,"1,90,64,577",,,,,,,,
16-Oct-23,576,578.75,571.5,575.65,"1,12,90,293",,,,,,,,
17-Oct-23,577.7,579.95,575.3,576.45,"1,07,65,224",,,,,,,,
18-Oct-23,577.75,579.25,569.35,572.65,"1,17,77,454",,,,,,,,
19-Oct-23,569.8,574,567,571.2,"1,14,41,499",,,,,,,,
20-Oct-23,569.9,570,562.1,563.1,"1,11,10,988",,,,,,,,
23-Oct-23,563.1,566,551,552.95,"1,18,75,035",,,,,,,,
25-Oct-23,558.6,560.8,553.6,556.2,"1,21,34,624",,,,,,,,
26-Oct-23,551.45,552.9,543.2,547,"1,94,24,825",,,,,,,,
27-Oct-23,550,562.5,550,561.15,"1,04,15,296",,,,,,,,
30-Oct-23,563,566.7,556.5,565.2,"85,93,704",,,,,,,,
31-Oct-23,567,569.5,563.15,565.55,"1,30,39,696",,,,,,,,
01-Nov-23,566.25,569.65,563.85,566.4,"1,35,75,575",,,,,,,,
02-Nov-23,571.1,575.45,567.6,572.1,"1,11,48,516",,,,,,,,
03-Nov-23,576,579.5,573.45,578.15,"1,13,71,371",,,,,,,,
06-Nov-23,582,582.5,573.25,574.35,"1,64,99,138",,,,,,,,
07-Nov-23,574.8,581.2,572.6,579.75,"1,79,23,281",,,,,,,,
08-Nov-23,581.9,582.6,579,580.3,"1,54,34,808",,,,,,,,
09-Nov-23,581,581.85,576.5,578.35,"1,24,34,363",,,,,,,,
10-Nov-23,577.8,581,575.4,579.5,"67,73,038",,,,,,,,
12-Nov-23,584.75,584.75,580.1,581.3,"19,47,722",,,,,,,,
13-Nov-23,581,582.5,575.2,581.35,"1,12,82,362",,,,,,,,
15-Nov-23,587.25,588,582.6,584.7,"1,13,97,676",,,,,,,,
16-Nov-23,584.7,588,582.9,584.65,"86,22,660",,,,,,,,
17-Nov-23,574.5,574.5,562.1,563.05,"3,71,73,221",,,,,,,,
20-Nov-23,564,566.8,560.6,563.75,"1,27,14,585",,,,,,,,
21-Nov-23,566,566.65,561,561.5,"1,42,80,013",,,,,,,,
22-Nov-23,562.95,564.5,555.15,558.95,"1,49,09,071",,,,,,,,
23-Nov-23,561.75,563.5,558.3,559.95,"63,76,210",,,,,,,,
24-Nov-23,561.95,562.45,559.25,560.35,"65,29,851",,,,,,,,
28-Nov-23,563.6,565.2,561.1,564.45,"81,53,314",,,,,,,,
29-Nov-23,568,569,565.1,568.6,"1,02,99,034",,,,,,,,
30-Nov-23,569.75,570.2,563.65,564.75,"1,97,58,998",,,,,,,,
01-Dec-23,567,574.2,566.55,571.75,"1,06,14,230",,,,,,,,
04-Dec-23,588,596,584.55,594.7,"2,60,77,882",,,,,,,,
05-Dec-23,595.05,611.3,595.05,608.25,"3,64,30,152",,,,,,,,
06-Dec-23,614,614,604.55,608.45,"2,14,39,069",,,,,,,,
07-Dec-23,610,612.55,605,611.7,"1,07,25,706",,,,,,,,
08-Dec-23,610,616.8,605.35,614.15,"1,77,22,136",,,,,,,,
11-Dec-23,615,619.9,613.1,614.25,"1,17,06,255",,,,,,,,
12-Dec-23,617,617.95,610.8,612.4,"1,44,94,836",,,,,,,,
13-Dec-23,614.45,620.5,611.65,619.85,"1,39,77,914",,,,,,,,
14-Dec-23,626,627.75,622.4,623.65,"1,58,13,797",,,,,,,,
15-Dec-23,628,650,619.85,648.25,"2,98,13,572",,,,,,,,
18-Dec-23,646.65,655.65,642.4,648.5,"1,62,21,796",,,,,,,,
19-Dec-23,648.5,659.6,640.25,655.4,"1,99,64,008",,,,,,,,
20-Dec-23,658.7,660.4,633.95,636.45,"2,25,42,056",,,,,,,,
21-Dec-23,632.15,648.95,627.5,643.75,"1,99,15,516",,,,,,,,
22-Dec-23,644.75,649.4,635.15,636.75,"1,49,98,068",,,,,,,,
26-Dec-23,638.85,641.3,635.65,638.05,"1,01,53,089",,,,,,,,
27-Dec-23,640.75,649.45,639,648.55,"1,44,17,646",,,,,,,,
28-Dec-23,650.25,653.3,646.5,651.4,"1,69,82,092",,,,,,,,
29-Dec-23,645.5,649.6,639.55,642.05,"1,32,21,898",,,,,,,,
01-Jan-24,642.2,646.9,638,641.35,"82,95,548",,,,,,,,
02-Jan-24,641.35,648,633.85,639.45,"1,51,64,482",,,,,,,,
03-Jan-24,639.35,648,635.8,643.45,"1,45,71,772",,,,,,,,
04-Jan-24,642.5,646.4,638.65,642.75,"1,38,83,388",,,,,,,,
05-Jan-24,645,651.75,637.75,641.95,"1,59,84,585",,,,,,,,
08-Jan-24,640,645,625.05,627,"1,47,39,531",,,,,,,,
09-Jan-24,632,634.35,624.5,625.4,"1,34,00,235",,,,,,,,
10-Jan-24,624.8,625.3,618.2,621.75,"1,27,42,464",,,,,,,,
11-Jan-24,626,627.15,618.5,620.2,"1,55,33,860",,,,,,,,
12-Jan-24,623.8,636.5,621.1,633.6,"1,66,20,797",,,,,,,,
15-Jan-24,638.9,645.5,636.1,640.1,"1,68,44,018",,,,,,,,
16-Jan-24,640,644.9,633.45,636.9,"1,50,25,543",,,,,,,,
17-Jan-24,624,636.8,623,626,"3,00,16,308",,,,,,,,
18-Jan-24,625.8,633.45,619.05,628.3,"1,46,95,436",,,,,,,,
19-Jan-24,633,635.5,624.7,627.75,"1,16,75,202",,,,,,,,
20-Jan-24,629,633.8,624.1,631.4,"98,86,760",,,,,,,,
23-Jan-24,627,634.9,600.65,605.1,"3,09,54,343",,,,,,,,
24-Jan-24,609.95,622.35,603.1,618.3,"1,92,21,835",,,,,,,,
25-Jan-24,618.5,623.8,606.25,612.75,"2,26,84,904",,,,,,,,
29-Jan-24,619,629.5,615.6,622.95,"1,95,72,140",,,,,,,,
30-Jan-24,625.45,633.5,624.2,626.75,"1,69,66,577",,,,,,,,
31-Jan-24,626.4,643.2,622,640.5,"2,32,70,745",,,,,,,,
01-Feb-24,642.75,652.95,633.25,647.65,"2,65,87,707",,,,,,,,
02-Feb-24,652,660.55,646.7,649.65,"2,74,71,811",,,,,,,,
05-Feb-24,647.1,654.8,638.75,642.95,"2,83,39,525",,,,,,,,
06-Feb-24,644.45,655,637.7,650.25,"1,40,79,390",,,,,,,,
07-Feb-24,655.05,677.95,655,675.25,"4,16,96,232",,,,,,,,
08-Feb-24,680.4,718.9,678.5,699.55,"7,42,22,434",,,,,,,,
09-Feb-24,703.65,728.35,694.2,725.25,"4,32,35,061",,,,,,,,
12-Feb-24,726,726,704.5,707.9,"2,28,73,137",,,,,,,,
13-Feb-24,708.55,718,702.15,713.45,"2,33,51,472",,,,,,,,
14-Feb-24,705.55,748.5,705.55,743.4,"3,67,82,182",,,,,,,,
15-Feb-24,747.7,764,741.65,761.7,"3,39,41,282",,,,,,,,
16-Feb-24,763.45,774.6,753.35,754.7,"2,73,65,121",,,,,,,,
19-Feb-24,758.7,765,750,759.25,"1,39,79,584",,,,,,,,
20-Feb-24,759.05,763.5,754,760.1,"1,25,28,399",,,,,,,,
21-Feb-24,760.65,777.5,759.6,771.5,"2,14,65,311",,,,,,,,
22-Feb-24,773,773,757,765.9,"1,87,99,244",,,,,,,,
23-Feb-24,765.9,770.5,755,759.05,"1,41,43,636",,,,,,,,
26-Feb-24,755,766.35,752.7,758.9,"1,13,55,186",,,,,,,,
27-Feb-24,758.9,762.35,742.2,749.85,"1,39,69,393",,,,,,,,
28-Feb-24,749.85,756.75,741,742.5,"1,12,63,318",,,,,,,,
29-Feb-24,743.9,753.9,737.15,748.1,"1,92,17,113",,,,,,,,
01-Mar-24,752,772,751.95,769.15,"1,73,48,526",,,,,,,,
02-Mar-24,771.95,777,768.9,773.3,"11,58,960",,,,,,,,
04-Mar-24,774.4,777,769,772.05,"97,89,141",,,,,,,,
05-Mar-24,769.5,786.95,769.1,783.95,"1,80,88,847",,,,,,,,
06-Mar-24,783.65,790.3,772.9,783.9,"2,67,10,525",,,,,,,,
07-Mar-24,790,793.4,783,788.05,"1,54,97,868",,,,,,,,
11-Mar-24,790,792.8,770.55,773.7,"1,67,78,340",,,,,,,,
12-Mar-24,770,777.75,757.35,759.7,"2,15,29,705",,,,,,,,
13-Mar-24,758.65,763.7,743,747.25,"2,79,50,252",,,,,,,,
14-Mar-24,749.9,750.8,734.05,741.05,"1,97,30,882",,,,,,,,
15-Mar-24,739.25,746.55,723,731.9,"2,97,92,241",,,,,,,,
18-Mar-24,727.1,737.9,722.1,730.95,"1,81,45,126",,,,,,,,
19-Mar-24,730,734.35,721.15,723.8,"1,52,05,043",,,,,,,,
20-Mar-24,725.15,738.95,719.8,736.25,"2,54,05,455",,,,,,,,
21-Mar-24,742,750.6,740.55,744.3,"1,51,61,161",,,,,,,,
22-Mar-24,743.85,748.8,741.4,746.7,"1,55,35,921",,,,,,,,
26-Mar-24,743.05,747.85,738.5,740.05,"1,46,78,342",,,,,,,,
27-Mar-24,743,745.85,730.2,733.3,"3,00,88,789",,,,,,,,
28-Mar-24,737.75,759.55,736.9,752.35,"2,17,05,116",,,,,,,,
01-Apr-24,759.05,761.5,752.1,758.3,"99,49,971",,,,,,,,
02-Apr-24,758.2,768.75,753.35,766.4,"1,57,13,063",,,,,,,,
03-Apr-24,764.9,772.6,760.15,771.05,"1,91,36,981",,,,,,,,
04-Apr-24,775,775.3,758.1,759.3,"1,58,89,530",,,,,,,,
05-Apr-24,757.95,767.7,752.6,764.75,"99,39,620",,,,,,,,
08-Apr-24,766.05,770,761.8,768.3,"97,97,174",,,,,,,,
09-Apr-24,768.45,772.45,761.1,764.2,"74,65,892",,,,,,,,
10-Apr-24,766.5,780.7,763.65,779.05,"1,45,30,669",,,,,,,,
12-Apr-24,777.25,779.5,764.8,766.3,"1,44,08,722",,,,,,,,
15-Apr-24,759.8,763.3,748.75,757.5,"1,13,56,572",,,,,,,,
16-Apr-24,751.25,754.9,744.4,751.7,"1,33,38,991",,,,,,,,
18-Apr-24,752.05,759.95,742,744.8,"1,45,89,648",,,,,,,,
19-Apr-24,734.5,752,732.05,750.45,"1,08,86,554",,,,,,,,
22-Apr-24,754.15,769,750.45,766.1,"1,74,52,186",,,,,,,,
23-Apr-24,770.35,777.7,765.55,773,"1,22,92,429",,,,,,,,
24-Apr-24,778.5,778.5,770.2,773.1,"78,42,615",,,,,,,,
25-Apr-24,770.65,814.4,769.65,812.7,"3,67,32,974",,,,,,,,
26-Apr-24,815.9,816.9,798.9,801.3,"1,49,64,358",,,,,,,,
29-Apr-24,807,831.25,798.7,826.5,"2,73,02,732",,,,,,,,
30-Apr-24,826.5,834.85,819.9,826.25,"2,74,49,073",,,,,,,,
02-May-24,826.9,833.9,825,830.05,"1,99,43,724",,,,,,,,
03-May-24,834.8,836.2,820,831.45,"2,26,67,634",,,,,,,,
06-May-24,835,836,803,807.8,"3,52,83,557",,,,,,,,
07-May-24,812,814.65,793.2,801.9,"1,67,25,013",,,,,,,,
08-May-24,802.6,822,799.5,810.8,"2,79,08,322",,,,,,,,
09-May-24,811.9,839.65,803.55,819.8,"4,92,90,254",,,,,,,,
10-May-24,827,832.05,815.6,817.35,"2,05,43,142",,,,,,,,
13-May-24,819.85,819.85,798.6,808.8,"1,53,98,505",,,,,,,,
14-May-24,813,822.4,807.9,818.2,"1,09,12,462",,,,,,,,
15-May-24,821,825.3,818.05,820.3,"97,55,062",,,,,,,,
16-May-24,825.3,826.15,797.35,811.95,"2,05,36,990",,,,,,,,
17-May-24,814.5,822.45,811.2,817.85,"1,24,92,509",,,,,,,,
18-May-24,822,823,819.2,821,"9,60,453",,,,,,,,
21-May-24,821,836.3,819.6,830.65,"1,40,37,801",,,,,,,,
22-May-24,826.55,826.65,813.55,818.75,"1,92,39,277",,,,,,,,
23-May-24,824.7,835.5,822,832.1,"1,74,97,488",,,,,,,,
24-May-24,830,841.25,827,828.6,"1,22,52,075",,,,,,,,
27-May-24,832.6,839.4,823,833.7,"1,22,95,193",,,,,,,,
28-May-24,835.7,840.7,823.3,831.15,"1,38,18,893",,,,,,,,
29-May-24,828.4,834.45,819.3,822.65,"1,45,18,232",,,,,,,,
30-May-24,821.4,836,819.3,825.85,"1,78,18,705",,,,,,,,
